Workbook

Sheet Summary
A1: OPPW baseline versus loss-control rule | B1: OPPW baseline versus loss-control rule | C1: OPPW baseline versus loss-control rule | D1: OPPW baseline versus loss-control rule | E1: OPPW baseline versus loss-control rule | F1: OPPW baseline versus loss-control rule | G1: OPPW baseline versus loss-control rule | H1: OPPW baseline versus loss-control rule | I1: OPPW baseline versus loss-control rule | J1: OPPW baseline versus loss-control rule | K1: OPPW baseline versus loss-control rule | L1: OPPW baseline versus loss-control rule
A2: OPPW baseline versus loss-control rule | B2: OPPW baseline versus loss-control rule | C2: OPPW baseline versus loss-control rule | D2: OPPW baseline versus loss-control rule | E2: OPPW baseline versus loss-control rule | F2: OPPW baseline versus loss-control rule | G2: OPPW baseline versus loss-control rule | H2: OPPW baseline versus loss-control rule | I2: OPPW baseline versus loss-control rule | J2: OPPW baseline versus loss-control rule | K2: OPPW baseline versus loss-control rule | L2: OPPW baseline versus loss-control rule
A3: Stateful comparison at 11.3x leverage with a two-outcome damage gate and no premarket-low rule. Tuesday re-entry is an approximate repricing overlay normalized from Friday. | B3: Stateful comparison at 11.3x leverage. Tuesday re-entry is an approximate repricing overlay normalized from Friday. | C3: Stateful comparison at 11.3x leverage. Tuesday re-entry is an approximate repricing overlay normalized from Friday. | D3: Stateful comparison at 11.3x leverage. Tuesday re-entry is an approximate repricing overlay normalized from Friday. | E3: Stateful comparison at 11.3x leverage. Tuesday re-entry is an approximate repricing overlay normalized from Friday. | F3: Stateful comparison at 11.3x leverage. Tuesday re-entry is an approximate repricing overlay normalized from Friday. | G3: Stateful comparison at 11.3x leverage. Tuesday re-entry is an approximate repricing overlay normalized from Friday. | H3: Stateful comparison at 11.3x leverage. Tuesday re-entry is an approximate repricing overlay normalized from Friday. | I3: Stateful comparison at 11.3x leverage. Tuesday re-entry is an approximate repricing overlay normalized from Friday. | J3: Stateful comparison at 11.3x leverage. Tuesday re-entry is an approximate repricing overlay normalized from Friday. | K3: Stateful comparison at 11.3x leverage. Tuesday re-entry is an approximate repricing overlay normalized from Friday. | L3: Stateful comparison at 11.3x leverage. Tuesday re-entry is an approximate repricing overlay normalized from Friday.
N4: Week | O4: Baseline log10 equity multiple | P4: Rule log10 equity multiple
A5: Trades | D5: Changed | G5: Model status | N5: =TEXT('All Trades'!B5,"yyyy-mm-dd") -> yyyy-04-16 | O5: =LOG10('All Trades'!X5/Assumptions!$B$11) -> 0.095321415 | P5: =LOG10('All Trades'!AA5/Assumptions!$B$11) -> 0.095321415
A6: =COUNT('All Trades'!$A$5:$A$436) -> 432 | D6: =COUNTIF('All Trades'!$S$5:$S$436,"<>BASELINE") -> 57 | G6: =IF(COUNTIF(Checks!$F$5:$F$11,"CHECK")=0,"OK","CHECK") -> OK | N6: =TEXT('All Trades'!B6,"yyyy-mm-dd") -> yyyy-04-23 | O6: =LOG10('All Trades'!X6/Assumptions!$B$11) -> 0.0026182747 | P6: =LOG10('All Trades'!AA6/Assumptions!$B$11) -> 0.0026182747
N7: =TEXT('All Trades'!B7,"yyyy-mm-dd") -> yyyy-04-30 | O7: =LOG10('All Trades'!X7/Assumptions!$B$11) -> -0.028241295 | P7: =LOG10('All Trades'!AA7/Assumptions!$B$11) -> -0.028241295
A8: Baseline weekly geo | D8: Rule weekly geo | G8: Weekly uplift | N8: =TEXT('All Trades'!B8,"yyyy-mm-dd") -> yyyy-05-07 | O8: =LOG10('All Trades'!X8/Assumptions!$B$11) -> 0.071549114 | P8: =LOG10('All Trades'!AA8/Assumptions!$B$11) -> -0.028241295
A9: =POWER('All Trades'!X436/Assumptions!$B$11,1/COUNT('All Trades'!$A$5:$A$436))-1 -> 0.033235232 | D9: =POWER('All Trades'!AA436/Assumptions!$B$11,1/COUNT('All Trades'!$A$5:$A$436))-1 -> 0.042811919 | G9: =D9-A9 -> 0.0095766862 | N9: =TEXT('All Trades'!B9,"yyyy-mm-dd") -> yyyy-05-14 | O9: =LOG10('All Trades'!X9/Assumptions!$B$11) -> 0.051461524 | P9: =LOG10('All Trades'!AA9/Assumptions!$B$11) -> -0.048328885
N10: =TEXT('All Trades'!B10,"yyyy-mm-dd") -> yyyy-05-21 | O10: =LOG10('All Trades'!X10/Assumptions!$B$11) -> 0.031373935 | P10: =LOG10('All Trades'!AA10/Assumptions!$B$11) -> -0.068416475
A11: Baseline max DD | D11: Rule max DD | G11: Target rule raw | N11: =TEXT('All Trades'!B11,"yyyy-mm-dd") -> yyyy-05-29 | O11: =LOG10('All Trades'!X11/Assumptions!$B$11) -> 0.13030548 | P11: =LOG10('All Trades'!AA11/Assumptions!$B$11) -> 0.030515071
A12: =-MIN('All Trades'!Z5:Z436) -> 0.96825298 | D12: =-MIN('All Trades'!AC5:AC436) -> 0.70586893 | G12: ='All Trades'!T435 -> 0 | N12: =TEXT('All Trades'!B12,"yyyy-mm-dd") -> yyyy-06-04 | O12: =LOG10('All Trades'!X12/Assumptions!$B$11) -> 0.1655899 | P12: =LOG10('All Trades'!AA12/Assumptions!$B$11) -> 0.065799486
N13: =TEXT('All Trades'!B13,"yyyy-mm-dd") -> yyyy-06-11 | O13: =LOG10('All Trades'!X13/Assumptions!$B$11) -> 0.23610061 | P13: =LOG10('All Trades'!AA13/Assumptions!$B$11) -> 0.1363102
N14: =TEXT('All Trades'!B14,"yyyy-mm-dd") -> yyyy-06-18 | O14: =LOG10('All Trades'!X14/Assumptions!$B$11) -> 0.21601302 | P14: =LOG10('All Trades'!AA14/Assumptions!$B$11) -> 0.11622261
A15: Period | B15: Weeks | C15: Baseline weekly geo | D15: Rule weekly geo | E15: Difference | F15: Baseline CAGR | G15: Rule CAGR | N15: =TEXT('All Trades'!B15,"yyyy-mm-dd") -> yyyy-06-25 | O15: =LOG10('All Trades'!X15/Assumptions!$B$11) -> 0.19592543 | P15: =LOG10('All Trades'!AA15/Assumptions!$B$11) -> 0.09613502
A16: Full history | B16: =432 -> 432 | C16: =POWER('All Trades'!X436/Assumptions!$B$11,1/B16)-1 -> 0.033235232 | D16: =POWER('All Trades'!AA436/Assumptions!$B$11,1/B16)-1 -> 0.042811919 | E16: =D16-C16 -> 0.0095766862 | F16: =POWER(1+C16,52)-1 -> 4.4746802 | G16: =POWER(1+D16,52)-1 -> 7.8452738 | N16: =TEXT('All Trades'!B16,"yyyy-mm-dd") -> yyyy-07-02 | O16: =LOG10('All Trades'!X16/Assumptions!$B$11) -> 0.27038164 | P16: =LOG10('All Trades'!AA16/Assumptions!$B$11) -> 0.17059123
A17: 2018-2020 | B17: =140 -> 140 | C17: =POWER('All Trades'!X144/Assumptions!$B$11,1/B17)-1 -> 0.034410083 | D17: =POWER('All Trades'!AA144/Assumptions!$B$11,1/B17)-1 -> 0.044221429 | E17: =D17-C17 -> 0.0098113465 | F17: =POWER(1+C17,52)-1 -> 4.8079484 | G17: =POWER(1+D17,52)-1 -> 8.488887 | N17: =TEXT('All Trades'!B17,"yyyy-mm-dd") -> yyyy-07-09 | O17: =LOG10('All Trades'!X17/Assumptions!$B$11) -> 0.34887072 | P17: =LOG10('All Trades'!AA17/Assumptions!$B$11) -> 0.24908031
A18: 2021 | B18: =52 -> 52 | C18: =POWER('All Trades'!X196/'All Trades'!X144,1/B18)-1 -> 0.007783789 | D18: =POWER('All Trades'!AA196/'All Trades'!AA144,1/B18)-1 -> 0.016932448 | E18: =D18-C18 -> 0.0091486589 | F18: =POWER(1+C18,52)-1 -> 0.49659104 | G18: =POWER(1+D18,52)-1 -> 1.39436 | N18: =TEXT('All Trades'!B18,"yyyy-mm-dd") -> yyyy-07-16 | O18: =LOG10('All Trades'!X18/Assumptions!$B$11) -> 0.32878313 | P18: =LOG10('All Trades'!AA18/Assumptions!$B$11) -> 0.22899272
A19: 2022-2025 | B19: =209 -> 209 | C19: =POWER('All Trades'!X405/'All Trades'!X196,1/B19)-1 -> 0.040392243 | D19: =POWER('All Trades'!AA405/'All Trades'!AA196,1/B19)-1 -> 0.04458887 | E19: =D19-C19 -> 0.004196627 | F19: =POWER(1+C19,52)-1 -> 6.8387983 | G19: =POWER(1+D19,52)-1 -> 8.6640797 | N19: =TEXT('All Trades'!B19,"yyyy-mm-dd") -> yyyy-07-23 | O19: =LOG10('All Trades'!X19/Assumptions!$B$11) -> 0.379316 | P19: =LOG10('All Trades'!AA19/Assumptions!$B$11) -> 0.27952559
A20: 2026 | B20: =31 -> 31 | C20: =POWER('All Trades'!X436/'All Trades'!X405,1/B20)-1 -> 0.023123876 | D20: =POWER('All Trades'!AA436/'All Trades'!AA405,1/B20)-1 -> 0.06875675 | E20: =D20-C20 -> 0.045632874 | F20: =POWER(1+C20,52)-1 -> 2.2829738 | G20: =POWER(1+D20,52)-1 -> 30.746896 | N20: =TEXT('All Trades'!B20,"yyyy-mm-dd") -> yyyy-07-30 | O20: =LOG10('All Trades'!X20/Assumptions!$B$11) -> 0.37079194 | P20: =LOG10('All Trades'!AA20/Assumptions!$B$11) -> 0.27100154
N21: =TEXT('All Trades'!B21,"yyyy-mm-dd") -> yyyy-08-06 | O21: =LOG10('All Trades'!X21/Assumptions!$B$11) -> 0.38512806 | P21: =LOG10('All Trades'!AA21/Assumptions!$B$11) -> 0.28533765
N22: =TEXT('All Trades'!B22,"yyyy-mm-dd") -> yyyy-08-13 | O22: =LOG10('All Trades'!X22/Assumptions!$B$11) -> 0.34827341 | P22: =LOG10('All Trades'!AA22/Assumptions!$B$11) -> 0.248483
A23: Rule action | B23: Trades | N23: =TEXT('All Trades'!B23,"yyyy-mm-dd") -> yyyy-08-20 | O23: =LOG10('All Trades'!X23/Assumptions!$B$11) -> 0.40522397 | P23: =LOG10('All Trades'!AA23/Assumptions!$B$11) -> 0.30543357
A24: BASELINE | B24: =COUNTIF('All Trades'!$S$5:$S$436,"BASELINE") -> 375 | N24: =TEXT('All Trades'!B24,"yyyy-mm-dd") -> yyyy-08-27 | O24: =LOG10('All Trades'!X24/Assumptions!$B$11) -> 0.48297513 | P24: =LOG10('All Trades'!AA24/Assumptions!$B$11) -> 0.38318472
A25: DAMAGE SKIP | B25: =COUNTIF('All Trades'!$S$5:$S$436,"DAMAGE SKIP") -> 35 | N25: =TEXT('All Trades'!B25,"yyyy-mm-dd") -> yyyy-09-04 | O25: =LOG10('All Trades'!X25/Assumptions!$B$11) -> 0.41033573 | P25: =LOG10('All Trades'!AA25/Assumptions!$B$11) -> 0.31054533
A26: GAP/MOM SKIP | B26: =COUNTIF('All Trades'!$S$5:$S$436,"GAP/MOM SKIP") -> 19 | N26: =TEXT('All Trades'!B26,"yyyy-mm-dd") -> yyyy-09-10 | O26: =LOG10('All Trades'!X26/Assumptions!$B$11) -> 0.46047527 | P26: =LOG10('All Trades'!AA26/Assumptions!$B$11) -> 0.36068486
A27: TUESDAY RE-ENTRY | B27: =COUNTIF('All Trades'!$S$5:$S$436,"TUESDAY RE-ENTRY") -> 3 | N27: =TEXT('All Trades'!B27,"yyyy-mm-dd") -> yyyy-09-17 | O27: =LOG10('All Trades'!X27/Assumptions!$B$11) -> 0.44054185 | P27: =LOG10('All Trades'!AA27/Assumptions!$B$11) -> 0.34075144
N28: =TEXT('All Trades'!B28,"yyyy-mm-dd") -> yyyy-09-24 | O28: =LOG10('All Trades'!X28/Assumptions!$B$11) -> 0.49085624 | P28: =LOG10('All Trades'!AA28/Assumptions!$B$11) -> 0.39106583
N29: =TEXT('All Trades'!B29,"yyyy-mm-dd") -> yyyy-10-01 | O29: =LOG10('All Trades'!X29/Assumptions!$B$11) -> 0.47179541 | P29: =LOG10('All Trades'!AA29/Assumptions!$B$11) -> 0.372005
N30: =TEXT('All Trades'!B30,"yyyy-mm-dd") -> yyyy-10-08 | O30: =LOG10('All Trades'!X30/Assumptions!$B$11) -> 0.099548267 | P30: =LOG10('All Trades'!AA30/Assumptions!$B$11) -> -0.00024214235
N31: =TEXT('All Trades'!B31,"yyyy-mm-dd") -> yyyy-10-15 | O31: =LOG10('All Trades'!X31/Assumptions!$B$11) -> 0.079460677 | P31: =LOG10('All Trades'!AA31/Assumptions!$B$11) -> -0.00024214235
N32: =TEXT('All Trades'!B32,"yyyy-mm-dd") -> yyyy-10-22 | O32: =LOG10('All Trades'!X32/Assumptions!$B$11) -> 0.063516536 | P32: =LOG10('All Trades'!AA32/Assumptions!$B$11) -> -0.00024214235
N33: =TEXT('All Trades'!B33,"yyyy-mm-dd") -> yyyy-10-29 | O33: =LOG10('All Trades'!X33/Assumptions!$B$11) -> -0.30298673 | P33: =LOG10('All Trades'!AA33/Assumptions!$B$11) -> -0.00024214235
N34: =TEXT('All Trades'!B34,"yyyy-mm-dd") -> yyyy-11-05 | O34: =LOG10('All Trades'!X34/Assumptions!$B$11) -> -0.2567562 | P34: =LOG10('All Trades'!AA34/Assumptions!$B$11) -> 0.045988385
N35: =TEXT('All Trades'!B35,"yyyy-mm-dd") -> yyyy-11-12 | O35: =LOG10('All Trades'!X35/Assumptions!$B$11) -> -0.44313786 | P35: =LOG10('All Trades'!AA35/Assumptions!$B$11) -> -0.14039327
N36: =TEXT('All Trades'!B36,"yyyy-mm-dd") -> yyyy-11-19 | O36: =LOG10('All Trades'!X36/Assumptions!$B$11) -> -0.81793657 | P36: =LOG10('All Trades'!AA36/Assumptions!$B$11) -> -0.14039327
N37: =TEXT('All Trades'!B37,"yyyy-mm-dd") -> yyyy-11-26 | O37: =LOG10('All Trades'!X37/Assumptions!$B$11) -> -0.76924234 | P37: =LOG10('All Trades'!AA37/Assumptions!$B$11) -> -0.14039327
N38: =TEXT('All Trades'!B38,"yyyy-mm-dd") -> yyyy-12-03 | O38: =LOG10('All Trades'!X38/Assumptions!$B$11) -> -1.0074408 | P38: =LOG10('All Trades'!AA38/Assumptions!$B$11) -> -0.14039327
N39: =TEXT('All Trades'!B39,"yyyy-mm-dd") -> yyyy-12-10 | O39: =LOG10('All Trades'!X39/Assumptions!$B$11) -> -0.94595133 | P39: =LOG10('All Trades'!AA39/Assumptions!$B$11) -> -0.078903847
... N436: =TEXT('All Trades'!B436,"yyyy-mm-dd") -> yyyy-08-03 | O436: =LOG10('All Trades'!X436/Assumptions!$B$11) -> 6.1340573 | P436: =LOG10('All Trades'!AA436/Assumptions!$B$11) -> 7.864986

Sheet Assumptions
A1: Rule assumptions | B1: Rule assumptions | C1: Rule assumptions | D1: Rule assumptions
A2: Rule assumptions | B2: Rule assumptions | C2: Rule assumptions | D2: Rule assumptions
A3: Blue-text cells are editable. All stateful decisions on All Trades reference these cells. | B3: Blue-text cells are editable. All stateful decisions on All Trades reference these cells. | C3: Blue-text cells are editable. All stateful decisions on All Trades reference these cells. | D3: Blue-text cells are editable. All stateful decisions on All Trades reference these cells.
A5: Parameter | B5: Value | C5: Interpretation
A6: Leverage | B6: 11.3 | C6: Applied to every raw weekly return
A7: Last-two threshold | B7: -0.02 | C7: Skip when the prior two rule outcomes sum to this value or less
A8: Cash-opening gap | B8: 0.01 | C8: Friday adjusted cash close to Monday adjusted cash open
A9: 20-session momentum | B9: -0.005 | C9: Previous Friday daily close versus 20 sessions earlier
A10: Tuesday normalization | B10: 0.005 | C10: Absolute Tuesday daily open deviation from previous Friday daily close
A11: Initial comparison equity | B11: 100 | C11: Common index base for both equity paths
A13: Model conventions | B13: Model conventions | C13: Model conventions | D13: Model conventions
A14: State | B14: Skipped weeks contribute 0.0 to the next two-outcome sum
A15: Priority | B15: Damage skip is evaluated before the gap/momentum branch.
A16: Normalization anchor | B16: Previous Friday daily cash close
A17: Tuesday limitation | B17: Repriced overlay reuses the original baseline exit price; it does not rerun exit state.
A18: Source | B18: D:\oppw\backtest\oppw24.py; D:\oppw\backtest\quotes.pkl

Sheet All Trades
A1: All baseline trades versus stateful loss-control rule | B1: All baseline trades versus stateful loss-control rule | C1: All baseline trades versus stateful loss-control rule | D1: All baseline trades versus stateful loss-control rule | E1: All baseline trades versus stateful loss-control rule | F1: All baseline trades versus stateful loss-control rule | G1: All baseline trades versus stateful loss-control rule | H1: All baseline trades versus stateful loss-control rule | I1: All baseline trades versus stateful loss-control rule | J1: All baseline trades versus stateful loss-control rule | K1: All baseline trades versus stateful loss-control rule | L1: All baseline trades versus stateful loss-control rule | M1: All baseline trades versus stateful loss-control rule | N1: All baseline trades versus stateful loss-control rule | O1: All baseline trades versus stateful loss-control rule | P1: All baseline trades versus stateful loss-control rule | Q1: All baseline trades versus stateful loss-control rule | R1: All baseline trades versus stateful loss-control rule | S1: All baseline trades versus stateful loss-control rule | T1: All baseline trades versus stateful loss-control rule | U1: All baseline trades versus stateful loss-control rule | V1: All baseline trades versus stateful loss-control rule | W1: All baseline trades versus stateful loss-control rule | X1: All baseline trades versus stateful loss-control rule | Y1: All baseline trades versus stateful loss-control rule | Z1: All baseline trades versus stateful loss-control rule | AA1: All baseline trades versus stateful loss-control rule | AB1: All baseline trades versus stateful loss-control rule | AC1: All baseline trades versus stateful loss-control rule | AD1: All baseline trades versus stateful loss-control rule | AE1: All baseline trades versus stateful loss-control rule
A2: All baseline trades versus stateful loss-control rule | B2: All baseline trades versus stateful loss-control rule | C2: All baseline trades versus stateful loss-control rule | D2: All baseline trades versus stateful loss-control rule | E2: All baseline trades versus stateful loss-control rule | F2: All baseline trades versus stateful loss-control rule | G2: All baseline trades versus stateful loss-control rule | H2: All baseline trades versus stateful loss-control rule | I2: All baseline trades versus stateful loss-control rule | J2: All baseline trades versus stateful loss-control rule | K2: All baseline trades versus stateful loss-control rule | L2: All baseline trades versus stateful loss-control rule | M2: All baseline trades versus stateful loss-control rule | N2: All baseline trades versus stateful loss-control rule | O2: All baseline trades versus stateful loss-control rule | P2: All baseline trades versus stateful loss-control rule | Q2: All baseline trades versus stateful loss-control rule | R2: All baseline trades versus stateful loss-control rule | S2: All baseline trades versus stateful loss-control rule | T2: All baseline trades versus stateful loss-control rule | U2: All baseline trades versus stateful loss-control rule | V2: All baseline trades versus stateful loss-control rule | W2: All baseline trades versus stateful loss-control rule | X2: All baseline trades versus stateful loss-control rule | Y2: All baseline trades versus stateful loss-control rule | Z2: All baseline trades versus stateful loss-control rule | AA2: All baseline trades versus stateful loss-control rule | AB2: All baseline trades versus stateful loss-control rule | AC2: All baseline trades versus stateful loss-control rule | AD2: All baseline trades versus stateful loss-control rule | AE2: All baseline trades versus stateful loss-control rule
A3: One row per baseline trade. Green formula cells reference assumptions or prior rows; imported historical observations remain black. | B3: One row per baseline trade. Green formula cells reference assumptions or prior rows; imported historical observations remain black. | C3: One row per baseline trade. Green formula cells reference assumptions or prior rows; imported historical observations remain black. | D3: One row per baseline trade. Green formula cells reference assumptions or prior rows; imported historical observations remain black. | E3: One row per baseline trade. Green formula cells reference assumptions or prior rows; imported historical observations remain black. | F3: One row per baseline trade. Green formula cells reference assumptions or prior rows; imported historical observations remain black. | G3: One row per baseline trade. Green formula cells reference assumptions or prior rows; imported historical observations remain black. | H3: One row per baseline trade. Green formula cells reference assumptions or prior rows; imported historical observations remain black. | I3: One row per baseline trade. Green formula cells reference assumptions or prior rows; imported historical observations remain black. | J3: One row per baseline trade. Green formula cells reference assumptions or prior rows; imported historical observations remain black. | K3: One row per baseline trade. Green formula cells reference assumptions or prior rows; imported historical observations remain black. | L3: One row per baseline trade. Green formula cells reference assumptions or prior rows; imported historical observations remain black. | M3: One row per baseline trade. Green formula cells reference assumptions or prior rows; imported historical observations remain black. | N3: One row per baseline trade. Green formula cells reference assumptions or prior rows; imported historical observations remain black. | O3: One row per baseline trade. Green formula cells reference assumptions or prior rows; imported historical observations remain black. | P3: One row per baseline trade. Green formula cells reference assumptions or prior rows; imported historical observations remain black. | Q3: One row per baseline trade. Green formula cells reference assumptions or prior rows; imported historical observations remain black. | R3: One row per baseline trade. Green formula cells reference assumptions or prior rows; imported historical observations remain black. | S3: One row per baseline trade. Green formula cells reference assumptions or prior rows; imported historical observations remain black. | T3: One row per baseline trade. Green formula cells reference assumptions or prior rows; imported historical observations remain black. | U3: One row per baseline trade. Green formula cells reference assumptions or prior rows; imported historical observations remain black. | V3: One row per baseline trade. Green formula cells reference assumptions or prior rows; imported historical observations remain black. | W3: One row per baseline trade. Green formula cells reference assumptions or prior rows; imported historical observations remain black. | X3: One row per baseline trade. Green formula cells reference assumptions or prior rows; imported historical observations remain black. | Y3: One row per baseline trade. Green formula cells reference assumptions or prior rows; imported historical observations remain black. | Z3: One row per baseline trade. Green formula cells reference assumptions or prior rows; imported historical observations remain black. | AA3: One row per baseline trade. Green formula cells reference assumptions or prior rows; imported historical observations remain black. | AB3: One row per baseline trade. Green formula cells reference assumptions or prior rows; imported historical observations remain black. | AC3: One row per baseline trade. Green formula cells reference assumptions or prior rows; imported historical observations remain black. | AD3: One row per baseline trade. Green formula cells reference assumptions or prior rows; imported historical observations remain black. | AE3: One row per baseline trade. Green formula cells reference assumptions or prior rows; imported historical observations remain black.
A4: Trade # | B4: Open date | C4: Close date | D4: Exit reason | E4: Baseline open | F4: Baseline close | G4: Baseline raw | H4: Previous 2 rule sum | I4: Damage trigger | J4: Cash-open gap | K4: Momentum 20d | L4: Tuesday vs Friday | M4: Gap trigger | N4: Momentum trigger | O4: Tuesday normalized | P4: Tuesday date | Q4: Tuesday entry | R4: Tuesday repriced raw | S4: Rule action | T4: Rule raw | U4: Baseline 11.3x | V4: Rule 11.3x | W4: 11.3x difference | X4: Baseline equity | Y4: Baseline peak | Z4: Baseline DD | AA4: Rule equity | AB4: Rule peak | AC4: Rule DD | AD4: Equity difference | AE4: Notes
A5: 1 | B5: 43206 | C5: 43207 | D5: CH | E5: 6671.459 | F5: 6816.369 | G5: 0.02172 | H5: =0 -> 0 | I5: =AND(A5>2,H5<=Assumptions!$B$7) -> FALSE | J5: 0.0067437077 | L5: 0.017657044 | M5: =J5>=Assumptions!$B$8 -> FALSE | N5: =AND(K5<>"",K5<=Assumptions!$B$9) -> FALSE | O5: =AND(P5<>"",ABS(L5)<=Assumptions!$B$10) -> FALSE | P5: 43207 | Q5: 6741.259 | R5: 0.01114 | S5: =IF(I5,"DAMAGE SKIP",IF(AND(M5,N5),IF(O5,"TUESDAY RE-ENTRY","GAP/MOM SKIP"),"BASELINE")) -> BASELINE | T5: =IF(I5,0,IF(AND(M5,N5),IF(O5,R5,0),G5)) -> 0.02172 | U5: =G5*Assumptions!$B$6 -> 0.245436 | V5: =T5*Assumptions!$B$6 -> 0.245436 | W5: =V5-U5 -> 0 | X5: =Assumptions!$B$11*(1+U5) -> 124.5436 | Y5: =MAX(Assumptions!$B$11,X5) -> 124.5436 | Z5: =X5/Y5-1 -> 0 | AA5: =Assumptions!$B$11*(1+V5) -> 124.5436 | AB5: =MAX(Assumptions!$B$11,AA5) -> 124.5436 | AC5: =AA5/AB5-1 -> 0 | AD5: =AA5-X5 -> 0 | AE5: Baseline trade unchanged.
A6: 2 | B6: 43213 | C6: 43216 | D6: TSL1PRE | E6: 6695.27 | F6: 6581.359 | G6: -0.01701 | H6: =0 -> 0 | I6: =AND(A6>2,H6<=Assumptions!$B$7) -> FALSE | J6: 0.0039754023 | L6: 0.0020431519 | M6: =J6>=Assumptions!$B$8 -> FALSE | N6: =AND(K6<>"",K6<=Assumptions!$B$9) -> FALSE | O6: =AND(P6<>"",ABS(L6)<=Assumptions!$B$10) -> TRUE | P6: 43214 | Q6: 6678.369 | R6: -0.01452 | S6: =IF(I6,"DAMAGE SKIP",IF(AND(M6,N6),IF(O6,"TUESDAY RE-ENTRY","GAP/MOM SKIP"),"BASELINE")) -> BASELINE | T6: =IF(I6,0,IF(AND(M6,N6),IF(O6,R6,0),G6)) -> -0.01701 | U6: =G6*Assumptions!$B$6 -> -0.192213 | V6: =T6*Assumptions!$B$6 -> -0.192213 | W6: =V6-U6 -> 0 | X6: =X5*(1+U6) -> 100.6047 | Y6: =MAX(Y5,X6) -> 124.5436 | Z6: =X6/Y6-1 -> -0.192213 | AA6: =AA5*(1+V6) -> 100.6047 | AB6: =MAX(AB5,AA6) -> 124.5436 | AC6: =AA6/AB6-1 -> -0.192213 | AD6: =AA6-X6 -> 0 | AE6: Baseline trade unchanged.
A7: 3 | B7: 43220 | C7: 43223 | D7: TSL1PRE | E7: 6669.27 | F7: 6628.76 | G7: -0.00607 | H7: =SUM(T5:T6) -> 0.00471 | I7: =AND(A7>2,H7<=Assumptions!$B$7) -> FALSE | J7: 0.0014416632 | L7: -0.0096524847 | M7: =J7>=Assumptions!$B$8 -> FALSE | N7: =AND(K7<>"",K7<=Assumptions!$B$9) -> FALSE | O7: =AND(P7<>"",ABS(L7)<=Assumptions!$B$10) -> FALSE | P7: 43221 | Q7: 6590.459 | R7: 0.00581 | S7: =IF(I7,"DAMAGE SKIP",IF(AND(M7,N7),IF(O7,"TUESDAY RE-ENTRY","GAP/MOM SKIP"),"BASELINE")) -> BASELINE | T7: =IF(I7,0,IF(AND(M7,N7),IF(O7,R7,0),G7)) -> -0.00607 | U7: =G7*Assumptions!$B$6 -> -0.068591 | V7: =T7*Assumptions!$B$6 -> -0.068591 | W7: =V7-U7 -> 0 | X7: =X6*(1+U7) -> 93.704124 | Y7: =MAX(Y6,X7) -> 124.5436 | Z7: =X7/Y7-1 -> -0.24761992 | AA7: =AA6*(1+V7) -> 93.704124 | AB7: =MAX(AB6,AA7) -> 124.5436 | AC7: =AA7/AB7-1 -> -0.24761992 | AD7: =AA7-X7 -> 0 | AE7: Baseline trade unchanged.
A8: 4 | B8: 43227 | C8: 43231 | D8: TO | E8: 6796.769 | F8: 6952.159 | G8: 0.02286 | H8: =SUM(T6:T7) -> -0.02308 | I8: =AND(A8>2,H8<=Assumptions!$B$7) -> TRUE | J8: 0.0044332821 | L8: 0.0056134009 | M8: =J8>=Assumptions!$B$8 -> FALSE | N8: =AND(K8<>"",K8<=Assumptions!$B$9) -> FALSE | O8: =AND(P8<>"",ABS(L8)<=Assumptions!$B$10) -> FALSE | P8: 43228 | Q8: 6807.36 | R8: 0.02127 | S8: =IF(I8,"DAMAGE SKIP",IF(AND(M8,N8),IF(O8,"TUESDAY RE-ENTRY","GAP/MOM SKIP"),"BASELINE")) -> DAMAGE SKIP | T8: =IF(I8,0,IF(AND(M8,N8),IF(O8,R8,0),G8)) -> 0 | U8: =G8*Assumptions!$B$6 -> 0.258318 | V8: =T8*Assumptions!$B$6 -> 0 | W8: =V8-U8 -> -0.258318 | X8: =X7*(1+U8) -> 117.90959 | Y8: =MAX(Y7,X8) -> 124.5436 | Z8: =X8/Y8-1 -> -0.0532666 | AA8: =AA7*(1+V8) -> 93.704124 | AB8: =MAX(AB7,AA8) -> 124.5436 | AC8: =AA8/AB8-1 -> -0.24761992 | AD8: =AA8-X8 -> -24.205462 | AE8: Skipped because the previous two rule outcomes totalled at or below the damage threshold.
A9: 5 | B9: 43234 | C9: 43236 | D9: BH | E9: 6967.459 | F9: 6939.5892 | G9: -0.004 | H9: =SUM(T7:T8) -> -0.00607 | I9: =AND(A9>2,H9<=Assumptions!$B$7) -> FALSE | J9: 0.0022007552 | K9: 0.050415249 | L9: -0.0063709253 | M9: =J9>=Assumptions!$B$8 -> FALSE | N9: =AND(K9<>"",K9<=Assumptions!$B$9) -> FALSE | O9: =AND(P9<>"",ABS(L9)<=Assumptions!$B$10) -> FALSE | P9: 43235 | Q9: 6907.26 | R9: 0.00468 | S9: =IF(I9,"DAMAGE SKIP",IF(AND(M9,N9),IF(O9,"TUESDAY RE-ENTRY","GAP/MOM SKIP"),"BASELINE")) -> BASELINE | T9: =IF(I9,0,IF(AND(M9,N9),IF(O9,R9,0),G9)) -> -0.004 | U9: =G9*Assumptions!$B$6 -> -0.0452 | V9: =T9*Assumptions!$B$6 -> -0.0452 | W9: =V9-U9 -> 0 | X9: =X8*(1+U9) -> 112.58007 | Y9: =MAX(Y8,X9) -> 124.5436 | Z9: =X9/Y9-1 -> -0.09605895 | AA9: =AA8*(1+V9) -> 89.468698 | AB9: =MAX(AB8,AA9) -> 124.5436 | AC9: =AA9/AB9-1 -> -0.2816275 | AD9: =AA9-X9 -> -23.111375 | AE9: Baseline trade unchanged.
A10: 6 | B10: 43241 | C10: 43244 | D10: TSL2 | E10: 6917.269 | F10: 6889.5999 | G10: -0.004 | H10: =SUM(T8:T9) -> -0.004 | I10: =AND(A10>2,H10<=Assumptions!$B$7) -> FALSE | J10: 0.0073410565 | K10: 0.03182403 | L10: 0.010195194 | M10: =J10>=Assumptions!$B$8 -> FALSE | N10: =AND(K10<>"",K10<=Assumptions!$B$9) -> FALSE | O10: =AND(P10<>"",ABS(L10)<=Assumptions!$B$10) -> FALSE | P10: 43242 | Q10: 6934.57 | R10: -0.00648 | S10: =IF(I10,"DAMAGE SKIP",IF(AND(M10,N10),IF(O10,"TUESDAY RE-ENTRY","GAP/MOM SKIP"),"BASELINE")) -> BASELINE | T10: =IF(I10,0,IF(AND(M10,N10),IF(O10,R10,0),G10)) -> -0.004 | U10: =G10*Assumptions!$B$6 -> -0.0452 | V10: =T10*Assumptions!$B$6 -> -0.0452 | W10: =V10-U10 -> 0 | X10: =X9*(1+U10) -> 107.49145 | Y10: =MAX(Y9,X10) -> 124.5436 | Z10: =X10/Y10-1 -> -0.13691709 | AA10: =AA9*(1+V10) -> 85.424712 | AB10: =MAX(AB9,AA10) -> 124.5436 | AC10: =AA10/AB10-1 -> -0.31409793 | AD10: =AA10-X10 -> -22.066741 | AE10: Baseline trade unchanged.
A11: 7 | B11: 43249 | C11: 43252 | D11: TO | E11: 6923.56 | F11: 7080.37 | G11: 0.02264 | H11: =SUM(T9:T10) -> -0.008 | I11: =AND(A11>2,H11<=Assumptions!$B$7) -> FALSE | J11: -0.0041867375 | K11: 0.047278401 | M11: =J11>=Assumptions!$B$8 -> FALSE | N11: =AND(K11<>"",K11<=Assumptions!$B$9) -> FALSE | O11: =AND(P11<>"",ABS(L11)<=Assumptions!$B$10) -> FALSE | S11: =IF(I11,"DAMAGE SKIP",IF(AND(M11,N11),IF(O11,"TUESDAY RE-ENTRY","GAP/MOM SKIP"),"BASELINE")) -> BASELINE | T11: =IF(I11,0,IF(AND(M11,N11),IF(O11,R11,0),G11)) -> 0.02264 | U11: =G11*Assumptions!$B$6 -> 0.255832 | V11: =T11*Assumptions!$B$6 -> 0.255832 | W11: =V11-U11 -> 0 | X11: =X10*(1+U11) -> 134.99121 | Y11: =MAX(Y10,X11) -> 134.99121 | Z11: =X11/Y11-1 -> 0 | AA11: =AA10*(1+V11) -> 107.27909 | AB11: =MAX(AB10,AA11) -> 124.5436 | AC11: =AA11/AB11-1 -> -0.13862224 | AD11: =AA11-X11 -> -27.712119 | AE11: Baseline trade unchanged.
A12: 8 | B12: 43255 | C12: 43259 | D12: TO | E12: 7098.059 | F12: 7151.26 | G12: 0.00749 | H12: =SUM(T10:T11) -> 0.01864 | I12: =AND(A12>2,H12<=Assumptions!$B$7) -> FALSE | J12: 0.0024983158 | K12: 0.067717792 | L12: 0.011176917 | M12: =J12>=Assumptions!$B$8 -> FALSE | N12: =AND(K12<>"",K12<=Assumptions!$B$9) -> FALSE | O12: =AND(P12<>"",ABS(L12)<=Assumptions!$B$10) -> FALSE | P12: 43256 | Q12: 7159.97 | R12: -0.00121 | S12: =IF(I12,"DAMAGE SKIP",IF(AND(M12,N12),IF(O12,"TUESDAY RE-ENTRY","GAP/MOM SKIP"),"BASELINE")) -> BASELINE | T12: =IF(I12,0,IF(AND(M12,N12),IF(O12,R12,0),G12)) -> 0.00749 | U12: =G12*Assumptions!$B$6 -> 0.084637 | V12: =T12*Assumptions!$B$6 -> 0.084637 | W12: =V12-U12 -> 0 | X12: =X11*(1+U12) -> 146.41646 | Y12: =MAX(Y11,X12) -> 146.41646 | Z12: =X12/Y12-1 -> 0 | AA12: =AA11*(1+V12) -> 116.35887 | AB12: =MAX(AB11,AA12) -> 124.5436 | AC12: =AA12/AB12-1 -> -0.065717808 | AD12: =AA12-X12 -> -30.05759 | AE12: Baseline trade unchanged.
A13: 9 | B13: 43262 | C13: 43266 | D13: TO | E13: 7143.46 | F13: 7254.959 | G13: 0.0156 | H13: =SUM(T11:T12) -> 0.03013 | I13: =AND(A13>2,H13<=Assumptions!$B$7) -> FALSE | J13: -0.0010907169 | K13: 0.028254388 | L13: 0.0039520699 | M13: =J13>=Assumptions!$B$8 -> FALSE | N13: =AND(K13<>"",K13<=Assumptions!$B$9) -> FALSE | O13: =AND(P13<>"",ABS(L13)<=Assumptions!$B$10) -> TRUE | P13: 43263 | Q13: 7180.46 | R13: 0.01037 | S13: =IF(I13,"DAMAGE SKIP",IF(AND(M13,N13),IF(O13,"TUESDAY RE-ENTRY","GAP/MOM SKIP"),"BASELINE")) -> BASELINE | T13: =IF(I13,0,IF(AND(M13,N13),IF(O13,R13,0),G13)) -> 0.0156 | U13: =G13*Assumptions!$B$6 -> 0.17628 | V13: =T13*Assumptions!$B$6 -> 0.17628 | W13: =V13-U13 -> 0 | X13: =X12*(1+U13) -> 172.22675 | Y13: =MAX(Y12,X13) -> 172.22675 | Z13: =X13/Y13-1 -> 0 | AA13: =AA12*(1+V13) -> 136.87061 | AB13: =MAX(AB12,AA13) -> 136.87061 | AC13: =AA13/AB13-1 -> 0 | AD13: =AA13-X13 -> -35.356142 | AE13: Baseline trade unchanged.
A14: 10 | B14: 43269 | C14: 43273 | D14: TSL4 | E14: 7206.469 | F14: 7177.6431 | G14: -0.004 | H14: =SUM(T12:T13) -> 0.02309 | I14: =AND(A14>2,H14<=Assumptions!$B$7) -> FALSE | J14: -0.0066837042 | K14: 0.05140353 | L14: -0.013328353 | M14: =J14>=Assumptions!$B$8 -> FALSE | N14: =AND(K14<>"",K14<=Assumptions!$B$9) -> FALSE | O14: =AND(P14<>"",ABS(L14)<=Assumptions!$B$10) -> FALSE | P14: 43270 | Q14: 7155.46 | R14: 0.0031 | S14: =IF(I14,"DAMAGE SKIP",IF(AND(M14,N14),IF(O14,"TUESDAY RE-ENTRY","GAP/MOM SKIP"),"BASELINE")) -> BASELINE | T14: =IF(I14,0,IF(AND(M14,N14),IF(O14,R14,0),G14)) -> -0.004 | U14: =G14*Assumptions!$B$6 -> -0.0452 | V14: =T14*Assumptions!$B$6 -> -0.0452 | W14: =V14-U14 -> 0 | X14: =X13*(1+U14) -> 164.4421 | Y14: =MAX(Y13,X14) -> 172.22675 | Z14: =X14/Y14-1 -> -0.0452 | AA14: =AA13*(1+V14) -> 130.68406 | AB14: =MAX(AB13,AA14) -> 136.87061 | AC14: =AA14/AB14-1 -> -0.0452 | AD14: =AA14-X14 -> -33.758044 | AE14: Baseline trade unchanged.
A15: 11 | B15: 43276 | C15: 43278 | D15: BH | E15: 7134.27 | F15: 7105.7329 | G15: -0.004 | H15: =SUM(T13:T14) -> 0.0116 | I15: =AND(A15>2,H15<=Assumptions!$B$7) -> FALSE | J15: -0.0097150852 | K15: 0.036094404 | L15: -0.018974301 | M15: =J15>=Assumptions!$B$8 -> FALSE | N15: =AND(K15<>"",K15<=Assumptions!$B$9) -> FALSE | O15: =AND(P15<>"",ABS(L15)<=Assumptions!$B$10) -> FALSE | P15: 43277 | Q15: 7064.769 | R15: 0.00579 | S15: =IF(I15,"DAMAGE SKIP",IF(AND(M15,N15),IF(O15,"TUESDAY RE-ENTRY","GAP/MOM SKIP"),"BASELINE")) -> BASELINE | T15: =IF(I15,0,IF(AND(M15,N15),IF(O15,R15,0),G15)) -> -0.004 | U15: =G15*Assumptions!$B$6 -> -0.0452 | V15: =T15*Assumptions!$B$6 -> -0.0452 | W15: =V15-U15 -> 0 | X15: =X14*(1+U15) -> 157.00932 | Y15: =MAX(Y14,X15) -> 172.22675 | Z15: =X15/Y15-1 -> -0.08835696 | AA15: =AA14*(1+V15) -> 124.77714 | AB15: =MAX(AB14,AA15) -> 136.87061 | AC15: =AA15/AB15-1 -> -0.08835696 | AD15: =AA15-X15 -> -32.232181 | AE15: Baseline trade unchanged.
A16: 12 | B16: 43283 | C16: 43283 | D16: CH | E16: 6981.27 | F16: 7096.859 | G16: 0.01655 | H16: =SUM(T14:T15) -> -0.008 | I16: =AND(A16>2,H16<=Assumptions!$B$7) -> FALSE | J16: -0.010208031 | K16: -0.0041731207 | L16: 0.010168478 | M16: =J16>=Assumptions!$B$8 -> FALSE | N16: =AND(K16<>"",K16<=Assumptions!$B$9) -> FALSE | O16: =AND(P16<>"",ABS(L16)<=Assumptions!$B$10) -> FALSE | P16: 43284 | Q16: 7121.87 | R16: -0.00351 | S16: =IF(I16,"DAMAGE SKIP",IF(AND(M16,N16),IF(O16,"TUESDAY RE-ENTRY","GAP/MOM SKIP"),"BASELINE")) -> BASELINE | T16: =IF(I16,0,IF(AND(M16,N16),IF(O16,R16,0),G16)) -> 0.01655 | U16: =G16*Assumptions!$B$6 -> 0.187015 | V16: =T16*Assumptions!$B$6 -> 0.187015 | W16: =V16-U16 -> 0 | X16: =X15*(1+U16) -> 186.37242 | Y16: =MAX(Y15,X16) -> 186.37242 | Z16: =X16/Y16-1 -> 0 | AA16: =AA15*(1+V16) -> 148.11233 | AB16: =MAX(AB15,AA16) -> 148.11233 | AC16: =AA16/AB16-1 -> 0 | AD16: =AA16-X16 -> -38.260082 | AE16: Baseline trade unchanged.
A17: 13 | B17: 43290 | C17: 43294 | D17: TO | E17: 7246.769 | F17: 7373.869 | G17: 0.01753 | H17: =SUM(T15:T16) -> 0.01255 | I17: =AND(A17>2,H17<=Assumptions!$B$7) -> FALSE | J17: 0.0052030313 | K17: 0.0088972039 | L17: 0.010339214 | M17: =J17>=Assumptions!$B$8 -> FALSE | N17: =AND(K17<>"",K17<=Assumptions!$B$9) -> FALSE | O17: =AND(P17<>"",ABS(L17)<=Assumptions!$B$10) -> FALSE | P17: 43291 | Q17: 7285.66 | R17: 0.0121 | S17: =IF(I17,"DAMAGE SKIP",IF(AND(M17,N17),IF(O17,"TUESDAY RE-ENTRY","GAP/MOM SKIP"),"BASELINE")) -> BASELINE | T17: =IF(I17,0,IF(AND(M17,N17),IF(O17,R17,0),G17)) -> 0.01753 | U17: =G17*Assumptions!$B$6 -> 0.198089 | V17: =T17*Assumptions!$B$6 -> 0.198089 | W17: =V17-U17 -> 0 | X17: =X16*(1+U17) -> 223.29074 | Y17: =MAX(Y16,X17) -> 223.29074 | Z17: =X17/Y17-1 -> 0 | AA17: =AA16*(1+V17) -> 177.45176 | AB17: =MAX(AB16,AA17) -> 177.45176 | AC17: =AA17/AB17-1 -> 0 | AD17: =AA17-X17 -> -45.838983 | AE17: Baseline trade unchanged.
A18: 14 | B18: 43297 | C18: 43300 | D18: TSL2 | E18: 7375.97 | F18: 7346.4661 | G18: -0.004 | H18: =SUM(T16:T17) -> 0.03408 | I18: =AND(A18>2,H18<=Assumptions!$B$7) -> FALSE | J18: 0.00028492505 | K18: 0.013369095 | L18: -0.01273217 | M18: =J18>=Assumptions!$B$8 -> FALSE | N18: =AND(K18<>"",K18<=Assumptions!$B$9) -> FALSE | O18: =AND(P18<>"",ABS(L18)<=Assumptions!$B$10) -> FALSE | P18: 43298 | Q18: 7277.659 | R18: 0.00945 | S18: =IF(I18,"DAMAGE SKIP",IF(AND(M18,N18),IF(O18,"TUESDAY RE-ENTRY","GAP/MOM SKIP"),"BASELINE")) -> BASELINE | T18: =IF(I18,0,IF(AND(M18,N18),IF(O18,R18,0),G18)) -> -0.004 | U18: =G18*Assumptions!$B$6 -> -0.0452 | V18: =T18*Assumptions!$B$6 -> -0.0452 | W18: =V18-U18 -> 0 | X18: =X17*(1+U18) -> 213.198 | Y18: =MAX(Y17,X18) -> 223.29074 | Z18: =X18/Y18-1 -> -0.0452 | AA18: =AA17*(1+V18) -> 169.43094 | AB18: =MAX(AB17,AA18) -> 177.45176 | AC18: =AA18/AB18-1 -> -0.0452 | AD18: =AA18-X18 -> -43.767061 | AE18: Baseline trade unchanged.
A19: 15 | B19: 43304 | C19: 43305 | D19: PREOH | E19: 7325.86 | F19: 7405.869 | G19: 0.01092 | H19: =SUM(T17:T18) -> 0.01353 | I19: =AND(A19>2,H19<=Assumptions!$B$7) -> FALSE | J19: -0.0031446584 | K19: 0.018681843 | L19: 0.013366872 | M19: =J19>=Assumptions!$B$8 -> FALSE | N19: =AND(K19<>"",K19<=Assumptions!$B$9) -> FALSE | O19: =AND(P19<>"",ABS(L19)<=Assumptions!$B$10) -> FALSE | P19: 43305 | Q19: 7449.67 | R19: -0.00587 | S19: =IF(I19,"DAMAGE SKIP",IF(AND(M19,N19),IF(O19,"TUESDAY RE-ENTRY","GAP/MOM SKIP"),"BASELINE")) -> BASELINE | T19: =IF(I19,0,IF(AND(M19,N19),IF(O19,R19,0),G19)) -> 0.01092 | U19: =G19*Assumptions!$B$6 -> 0.123396 | V19: =T19*Assumptions!$B$6 -> 0.123396 | W19: =V19-U19 -> 0 | X19: =X18*(1+U19) -> 239.50578 | Y19: =MAX(Y18,X19) -> 239.50578 | Z19: =X19/Y19-1 -> 0 | AA19: =AA18*(1+V19) -> 190.33804 | AB19: =MAX(AB18,AA19) -> 190.33804 | AC19: =AA19/AB19-1 -> 0 | AD19: =AA19-X19 -> -49.167742 | AE19: Baseline trade unchanged.
A20: 16 | B20: 43311 | C20: 43313 | D20: BEPRE | E20: 7294.669 | F20: 7282.07 | G20: -0.00172 | H20: =SUM(T18:T19) -> 0.00692 | I20: =AND(A20>2,H20<=Assumptions!$B$7) -> FALSE | J20: 6.9781853e-05 | K20: 0.037660717 | L20: -0.010575149 | M20: =J20>=Assumptions!$B$8 -> FALSE | N20: =AND(K20<>"",K20<=Assumptions!$B$9) -> FALSE | O20: =AND(P20<>"",ABS(L20)<=Assumptions!$B$10) -> FALSE | P20: 43312 | Q20: 7216.2 | R20: 0.00912 | S20: =IF(I20,"DAMAGE SKIP",IF(AND(M20,N20),IF(O20,"TUESDAY RE-ENTRY","GAP/MOM SKIP"),"BASELINE")) -> BASELINE | T20: =IF(I20,0,IF(AND(M20,N20),IF(O20,R20,0),G20)) -> -0.00172 | U20: =G20*Assumptions!$B$6 -> -0.019436 | V20: =T20*Assumptions!$B$6 -> -0.019436 | W20: =V20-U20 -> 0 | X20: =X19*(1+U20) -> 234.85075 | Y20: =MAX(Y19,X20) -> 239.50578 | Z20: =X20/Y20-1 -> -0.019436 | AA20: =AA19*(1+V20) -> 186.63863 | AB20: =MAX(AB19,AA20) -> 190.33804 | AC20: =AA20/AB20-1 -> -0.019436 | AD20: =AA20-X20 -> -48.212117 | AE20: Baseline trade unchanged.
A21: 17 | B21: 43318 | C21: 43322 | D21: TO | E21: 7388.67 | F21: 7410.67 | G21: 0.00297 | H21: =SUM(T19:T20) -> 0.0092 | I21: =AND(A21>2,H21<=Assumptions!$B$7) -> FALSE | J21: -0.00082477221 | K21: 0.025490278 | L21: 0.008611166 | M21: =J21>=Assumptions!$B$8 -> FALSE | N21: =AND(K21<>"",K21<=Assumptions!$B$9) -> FALSE | O21: =AND(P21<>"",ABS(L21)<=Assumptions!$B$10) -> FALSE | P21: 43319 | Q21: 7456.76 | R21: -0.00618 | S21: =IF(I21,"DAMAGE SKIP",IF(AND(M21,N21),IF(O21,"TUESDAY RE-ENTRY","GAP/MOM SKIP"),"BASELINE")) -> BASELINE | T21: =IF(I21,0,IF(AND(M21,N21),IF(O21,R21,0),G21)) -> 0.00297 | U21: =G21*Assumptions!$B$6 -> 0.033561 | V21: =T21*Assumptions!$B$6 -> 0.033561 | W21: =V21-U21 -> 0 | X21: =X20*(1+U21) -> 242.73257 | Y21: =MAX(Y20,X21) -> 242.73257 | Z21: =X21/Y21-1 -> 0 | AA21: =AA20*(1+V21) -> 192.90241 | AB21: =MAX(AB20,AA21) -> 192.90241 | AC21: =AA21/AB21-1 -> 0 | AD21: =AA21-X21 -> -49.830164 | AE21: Baseline trade unchanged.
A22: 18 | B22: 43325 | C22: 43328 | D22: TSL1PRE | E22: 7419.96 | F22: 7366.47 | G22: -0.0072 | H22: =SUM(T20:T21) -> 0.00125 | I22: =AND(A22>2,H22<=Assumptions!$B$7) -> FALSE | J22: 0.0012535979 | K22: 0.0050951998 | L22: 0.0026680896 | M22: =J22>=Assumptions!$B$8 -> FALSE | N22: =AND(K22<>"",K22<=Assumptions!$B$9) -> FALSE | O22: =AND(P22<>"",ABS(L22)<=Assumptions!$B$10) -> TRUE | P22: 43326 | Q22: 7426.969 | R22: -0.00814 | S22: =IF(I22,"DAMAGE SKIP",IF(AND(M22,N22),IF(O22,"TUESDAY RE-ENTRY","GAP/MOM SKIP"),"BASELINE")) -> BASELINE | T22: =IF(I22,0,IF(AND(M22,N22),IF(O22,R22,0),G22)) -> -0.0072 | U22: =G22*Assumptions!$B$6 -> -0.08136 | V22: =T22*Assumptions!$B$6 -> -0.08136 | W22: =V22-U22 -> 0 | X22: =X21*(1+U22) -> 222.98385 | Y22: =MAX(Y21,X22) -> 242.73257 | Z22: =X22/Y22-1 -> -0.08136 | AA22: =AA21*(1+V22) -> 177.20787 | AB22: =MAX(AB21,AA22) -> 192.90241 | AC22: =AA22/AB22-1 -> -0.08136 | AD22: =AA22-X22 -> -45.775982 | AE22: Baseline trade unchanged.
A23: 19 | B23: 43332 | C23: 43336 | D23: TO | E23: 7393.27 | F23: 7484.959 | G23: 0.0124 | H23: =SUM(T21:T22) -> -0.00423 | I23: =AND(A23>2,H23<=Assumptions!$B$7) -> FALSE | J23: 0.0022382458 | K23: 0.0048319635 | L23: 0.0022122477 | M23: =J23>=Assumptions!$B$8 -> FALSE | N23: =AND(K23<>"",K23<=Assumptions!$B$9) -> FALSE | O23: =AND(P23<>"",ABS(L23)<=Assumptions!$B$10) -> TRUE | P23: 43333 | Q23: 7391.769 | R23: 0.0126 | S23: =IF(I23,"DAMAGE SKIP",IF(AND(M23,N23),IF(O23,"TUESDAY RE-ENTRY","GAP/MOM SKIP"),"BASELINE")) -> BASELINE | T23: =IF(I23,0,IF(AND(M23,N23),IF(O23,R23,0),G23)) -> 0.0124 | U23: =G23*Assumptions!$B$6 -> 0.14012 | V23: =T23*Assumptions!$B$6 -> 0.14012 | W23: =V23-U23 -> 0 | X23: =X22*(1+U23) -> 254.22835 | Y23: =MAX(Y22,X23) -> 254.22835 | Z23: =X23/Y23-1 -> 0 | AA23: =AA22*(1+V23) -> 202.03823 | AB23: =MAX(AB22,AA23) -> 202.03823 | AC23: =AA23/AB23-1 -> 0 | AD23: =AA23-X23 -> -52.190113 | AE23: Baseline trade unchanged.
A24: 20 | B24: 43339 | C24: 43343 | D24: TO | E24: 7521.159 | F24: 7651.67 | G24: 0.01735 | H24: =SUM(T22:T23) -> 0.0052 | I24: =AND(A24>2,H24<=Assumptions!$B$7) -> FALSE | J24: 0.0048363658 | K24: 0.027274924 | L24: 0.012647042 | M24: =J24>=Assumptions!$B$8 -> FALSE | N24: =AND(K24<>"",K24<=Assumptions!$B$9) -> FALSE | O24: =AND(P24<>"",ABS(L24)<=Assumptions!$B$10) -> FALSE | P24: 43340 | Q24: 7578.359 | R24: 0.00967 | S24: =IF(I24,"DAMAGE SKIP",IF(AND(M24,N24),IF(O24,"TUESDAY RE-ENTRY","GAP/MOM SKIP"),"BASELINE")) -> BASELINE | T24: =IF(I24,0,IF(AND(M24,N24),IF(O24,R24,0),G24)) -> 0.01735 | U24: =G24*Assumptions!$B$6 -> 0.196055 | V24: =T24*Assumptions!$B$6 -> 0.196055 | W24: =V24-U24 -> 0 | X24: =X23*(1+U24) -> 304.07109 | Y24: =MAX(Y23,X24) -> 304.07109 | Z24: =X24/Y24-1 -> 0 | AA24: =AA23*(1+V24) -> 241.64884 | AB24: =MAX(AB23,AA24) -> 241.64884 | AC24: =AA24/AB24-1 -> 0 | AD24: =AA24-X24 -> -62.422245 | AE24: Baseline trade unchanged.
A25: 21 | B25: 43347 | C25: 43349 | D25: TSL1PRE | E25: 7629.759 | F25: 7525.76 | G25: -0.01363 | H25: =SUM(T23:T24) -> 0.02975 | I25: =AND(A25>2,H25<=Assumptions!$B$7) -> FALSE | J25: -0.0028635579 | K25: 0.036485528 | M25: =J25>=Assumptions!$B$8 -> FALSE | N25: =AND(K25<>"",K25<=Assumptions!$B$9) -> FALSE | O25: =AND(P25<>"",ABS(L25)<=Assumptions!$B$10) -> FALSE | S25: =IF(I25,"DAMAGE SKIP",IF(AND(M25,N25),IF(O25,"TUESDAY RE-ENTRY","GAP/MOM SKIP"),"BASELINE")) -> BASELINE | T25: =IF(I25,0,IF(AND(M25,N25),IF(O25,R25,0),G25)) -> -0.01363 | U25: =G25*Assumptions!$B$6 -> -0.154019 | V25: =T25*Assumptions!$B$6 -> -0.154019 | W25: =V25-U25 -> 0 | X25: =X24*(1+U25) -> 257.23836 | Y25: =MAX(Y24,X25) -> 304.07109 | Z25: =X25/Y25-1 -> -0.154019 | AA25: =AA24*(1+V25) -> 204.43033 | AB25: =MAX(AB24,AA25) -> 241.64884 | AC25: =AA25/AB25-1 -> -0.154019 | AD25: =AA25-X25 -> -52.808033 | AE25: Baseline trade unchanged.
A26: 22 | B26: 43353 | C26: 43357 | D26: TO | E26: 7465.77 | F26: 7546.66 | G26: 0.01083 | H26: =SUM(T24:T25) -> 0.00372 | I26: =AND(A26>2,H26<=Assumptions!$B$7) -> FALSE | J26: 0.0057265945 | K26: -0.0043518055 | L26: -0.00079206776 | M26: =J26>=Assumptions!$B$8 -> FALSE | N26: =AND(K26<>"",K26<=Assumptions!$B$9) -> FALSE | O26: =AND(P26<>"",ABS(L26)<=Assumptions!$B$10) -> TRUE | P26: 43354 | Q26: 7417.665 | R26: 0.01739 | S26: =IF(I26,"DAMAGE SKIP",IF(AND(M26,N26),IF(O26,"TUESDAY RE-ENTRY","GAP/MOM SKIP"),"BASELINE")) -> BASELINE | T26: =IF(I26,0,IF(AND(M26,N26),IF(O26,R26,0),G26)) -> 0.01083 | U26: =G26*Assumptions!$B$6 -> 0.122379 | V26: =T26*Assumptions!$B$6 -> 0.122379 | W26: =V26-U26 -> 0 | X26: =X25*(1+U26) -> 288.71893 | Y26: =MAX(Y25,X26) -> 304.07109 | Z26: =X26/Y26-1 -> -0.050488691 | AA26: =AA25*(1+V26) -> 229.44831 | AB26: =MAX(AB25,AA26) -> 241.64884 | AC26: =AA26/AB26-1 -> -0.050488691 | AD26: =AA26-X26 -> -59.270628 | AE26: Baseline trade unchanged.
A27: 23 | B27: 43360 | C27: 43362 | D27: BEPRE | E27: 7527.07 | F27: 7497.169 | G27: -0.00397 | H27: =SUM(T25:T26) -> -0.0028 | I27: =AND(A27>2,H27<=Assumptions!$B$7) -> FALSE | J27: -0.0025958503 | K27: 0.023216542 | L27: -0.013424919 | M27: =J27>=Assumptions!$B$8 -> FALSE | N27: =AND(K27<>"",K27<=Assumptions!$B$9) -> FALSE | O27: =AND(P27<>"",ABS(L27)<=Assumptions!$B$10) -> FALSE | P27: 43361 | Q27: 7438.859 | R27: 0.00783 | S27: =IF(I27,"DAMAGE SKIP",IF(AND(M27,N27),IF(O27,"TUESDAY RE-ENTRY","GAP/MOM SKIP"),"BASELINE")) -> BASELINE | T27: =IF(I27,0,IF(AND(M27,N27),IF(O27,R27,0),G27)) -> -0.00397 | U27: =G27*Assumptions!$B$6 -> -0.044861 | V27: =T27*Assumptions!$B$6 -> -0.044861 | W27: =V27-U27 -> 0 | X27: =X26*(1+U27) -> 275.76671 | Y27: =MAX(Y26,X27) -> 304.07109 | Z27: =X27/Y27-1 -> -0.093084718 | AA27: =AA26*(1+V27) -> 219.15503 | AB27: =MAX(AB26,AA27) -> 241.64884 | AC27: =AA27/AB27-1 -> -0.093084718 | AD27: =AA27-X27 -> -56.611688 | AE27: Baseline trade unchanged.
A28: 24 | B28: 43367 | C28: 43367 | D28: CH | E28: 7473.769 | F28: 7555.069 | G28: 0.01087 | H28: =SUM(T26:T27) -> 0.00686 | I28: =AND(A28>2,H28<=Assumptions!$B$7) -> FALSE | J28: -0.0073053111 | K28: 0.016070002 | L28: 0.0021087788 | M28: =J28>=Assumptions!$B$8 -> FALSE | N28: =AND(K28<>"",K28<=Assumptions!$B$9) -> FALSE | O28: =AND(P28<>"",ABS(L28)<=Assumptions!$B$10) -> TRUE | P28: 43368 | Q28: 7544.06 | R28: 0.00145 | S28: =IF(I28,"DAMAGE SKIP",IF(AND(M28,N28),IF(O28,"TUESDAY RE-ENTRY","GAP/MOM SKIP"),"BASELINE")) -> BASELINE | T28: =IF(I28,0,IF(AND(M28,N28),IF(O28,R28,0),G28)) -> 0.01087 | U28: =G28*Assumptions!$B$6 -> 0.122831 | V28: =T28*Assumptions!$B$6 -> 0.122831 | W28: =V28-U28 -> 0 | X28: =X27*(1+U28) -> 309.63942 | Y28: =MAX(Y27,X28) -> 309.63942 | Z28: =X28/Y28-1 -> 0 | AA28: =AA27*(1+V28) -> 246.07406 | AB28: =MAX(AB27,AA28) -> 246.07406 | AC28: =AA28/AB28-1 -> 0 | AD28: =AA28-X28 -> -63.565358 | AE28: Baseline trade unchanged.
A29: 25 | B29: 43374 | C29: 43376 | D29: BEPRE | E29: 7671.07 | F29: 7641.87 | G29: -0.0038 | H29: =SUM(T27:T28) -> 0.0069 | I29: =AND(A29>2,H29<=Assumptions!$B$7) -> FALSE | J29: 0.0047677241 | K29: -0.0015614819 | L29: 0.00088884888 | M29: =J29>=Assumptions!$B$8 -> FALSE | N29: =AND(K29<>"",K29<=Assumptions!$B$9) -> FALSE | O29: =AND(P29<>"",ABS(L29)<=Assumptions!$B$10) -> TRUE | P29: 43375 | Q29: 7634.959 | R29: 0.0009 | S29: =IF(I29,"DAMAGE SKIP",IF(AND(M29,N29),IF(O29,"TUESDAY RE-ENTRY","GAP/MOM SKIP"),"BASELINE")) -> BASELINE | T29: =IF(I29,0,IF(AND(M29,N29),IF(O29,R29,0),G29)) -> -0.0038 | U29: =G29*Assumptions!$B$6 -> -0.04294 | V29: =T29*Assumptions!$B$6 -> -0.04294 | W29: =V29-U29 -> 0 | X29: =X28*(1+U29) -> 296.3435 | Y29: =MAX(Y28,X29) -> 309.63942 | Z29: =X29/Y29-1 -> -0.04294 | AA29: =AA28*(1+V29) -> 235.50764 | AB29: =MAX(AB28,AA29) -> 246.07406 | AC29: =AA29/AB29-1 -> -0.04294 | AD29: =AA29-X29 -> -60.835862 | AE29: Baseline trade unchanged.
A30: 26 | B30: 43381 | C30: 43384 | D30: GAP DOWN | E30: 7363.47 | F30: 6988.37 | G30: -0.05094 | H30: =SUM(T28:T29) -> 0.00707 | I30: =AND(A30>2,H30<=Assumptions!$B$7) -> FALSE | J30: -0.005469904 | K30: -0.003503599 | L30: -0.0053028853 | M30: =J30>=Assumptions!$B$8 -> FALSE | N30: =AND(K30<>"",K30<=Assumptions!$B$9) -> FALSE | O30: =AND(P30<>"",ABS(L30)<=Assumptions!$B$10) -> FALSE | P30: 43382 | Q30: 7356.97 | R30: -0.0501 | S30: =IF(I30,"DAMAGE SKIP",IF(AND(M30,N30),IF(O30,"TUESDAY RE-ENTRY","GAP/MOM SKIP"),"BASELINE")) -> BASELINE | T30: =IF(I30,0,IF(AND(M30,N30),IF(O30,R30,0),G30)) -> -0.05094 | U30: =G30*Assumptions!$B$6 -> -0.575622 | V30: =T30*Assumptions!$B$6 -> -0.575622 | W30: =V30-U30 -> 0 | X30: =X29*(1+U30) -> 125.76166 | Y30: =MAX(Y29,X30) -> 309.63942 | Z30: =X30/Y30-1 -> -0.59384479 | AA30: =AA29*(1+V30) -> 99.94426 | AB30: =MAX(AB29,AA30) -> 246.07406 | AC30: =AA30/AB30-1 -> -0.59384479 | AD30: =AA30-X30 -> -25.817401 | AE30: Baseline trade unchanged.
A31: 27 | B31: 43388 | C31: 43391 | D31: TSL2 | E31: 7130.37 | F31: 7101.8485 | G31: -0.004 | H31: =SUM(T29:T30) -> -0.05474 | I31: =AND(A31>2,H31<=Assumptions!$B$7) -> TRUE | J31: -0.0031595267 | K31: -0.050911119 | L31: -0.0017209124 | M31: =J31>=Assumptions!$B$8 -> FALSE | N31: =AND(K31<>"",K31<=Assumptions!$B$9) -> TRUE | O31: =AND(P31<>"",ABS(L31)<=Assumptions!$B$10) -> TRUE | P31: 43389 | Q31: 7141.559 | R31: -0.00556 | S31: =IF(I31,"DAMAGE SKIP",IF(AND(M31,N31),IF(O31,"TUESDAY RE-ENTRY","GAP/MOM SKIP"),"BASELINE")) -> DAMAGE SKIP | T31: =IF(I31,0,IF(AND(M31,N31),IF(O31,R31,0),G31)) -> 0 | U31: =G31*Assumptions!$B$6 -> -0.0452 | V31: =T31*Assumptions!$B$6 -> 0 | W31: =V31-U31 -> 0.0452 | X31: =X30*(1+U31) -> 120.07723 | Y31: =MAX(Y30,X31) -> 309.63942 | Z31: =X31/Y31-1 -> -0.61220301 | AA31: =AA30*(1+V31) -> 99.94426 | AB31: =MAX(AB30,AA31) -> 246.07406 | AC31: =AA31/AB31-1 -> -0.59384479 | AD31: =AA31-X31 -> -20.132974 | AE31: Skipped because the previous two rule outcomes totalled at or below the damage threshold.
A32: 28 | B32: 43395 | C32: 43397 | D32: BEPRE | E32: 7143.86 | F32: 7121.069 | G32: -0.00319 | H32: =SUM(T30:T31) -> -0.05094 | I32: =AND(A32>2,H32<=Assumptions!$B$7) -> TRUE | J32: 0.0067772772 | K32: -0.056606462 | L32: -0.012862105 | M32: =J32>=Assumptions!$B$8 -> FALSE | N32: =AND(K32<>"",K32<=Assumptions!$B$9) -> TRUE | O32: =AND(P32<>"",ABS(L32)<=Assumptions!$B$10) -> FALSE | P32: 43396 | Q32: 7010.059 | R32: 0.01583 | S32: =IF(I32,"DAMAGE SKIP",IF(AND(M32,N32),IF(O32,"TUESDAY RE-ENTRY","GAP/MOM SKIP"),"BASELINE")) -> DAMAGE SKIP | T32: =IF(I32,0,IF(AND(M32,N32),IF(O32,R32,0),G32)) -> 0 | U32: =G32*Assumptions!$B$6 -> -0.036047 | V32: =T32*Assumptions!$B$6 -> 0 | W32: =V32-U32 -> 0.036047 | X32: =X31*(1+U32) -> 115.74881 | Y32: =MAX(Y31,X32) -> 309.63942 | Z32: =X32/Y32-1 -> -0.62618192 | AA32: =AA31*(1+V32) -> 99.94426 | AB32: =MAX(AB31,AA32) -> 246.07406 | AC32: =AA32/AB32-1 -> -0.59384479 | AD32: =AA32-X32 -> -15.80455 | AE32: Skipped because the previous two rule outcomes totalled at or below the damage threshold.
A33: 29 | B33: 43402 | C33: 43402 | D33: SL | E33: 6940.259 | F33: 6590.169 | G33: -0.05044 | H33: =SUM(T31:T32) -> 0 | I33: =AND(A33>2,H33<=Assumptions!$B$7) -> FALSE | J33: 0.011307423 | K33: -0.10300521 | L33: -0.022991822 | M33: =J33>=Assumptions!$B$8 -> TRUE | N33: =AND(K33<>"",K33<=Assumptions!$B$9) -> TRUE | O33: =AND(P33<>"",ABS(L33)<=Assumptions!$B$10) -> FALSE | P33: 43403 | Q33: 6684.87 | R33: -0.01416 | S33: =IF(I33,"DAMAGE SKIP",IF(AND(M33,N33),IF(O33,"TUESDAY RE-ENTRY","GAP/MOM SKIP"),"BASELINE")) -> GAP/MOM SKIP | T33: =IF(I33,0,IF(AND(M33,N33),IF(O33,R33,0),G33)) -> 0 | U33: =G33*Assumptions!$B$6 -> -0.569972 | V33: =T33*Assumptions!$B$6 -> 0 | W33: =V33-U33 -> 0.569972 | X33: =X32*(1+U33) -> 49.775229 | Y33: =MAX(Y32,X33) -> 309.63942 | Z33: =X33/Y33-1 -> -0.83924776 | AA33: =AA32*(1+V33) -> 99.94426 | AB33: =MAX(AB32,AA33) -> 246.07406 | AC33: =AA33/AB33-1 -> -0.59384479 | AD33: =AA33-X33 -> 50.169031 | AE33: Monday entry skipped; Tuesday did not normalize within the Friday-based tolerance.
A34: 30 | B34: 43409 | C34: 43413 | D34: TO | E34: 6961.759 | F34: 7030.97 | G34: 0.00994 | H34: =SUM(T32:T33) -> 0 | I34: =AND(A34>2,H34<=Assumptions!$B$7) -> FALSE | J34: 5.7316386e-05 | K34: -0.059735784 | L34: -0.0025854143 | M34: =J34>=Assumptions!$B$8 -> FALSE | N34: =AND(K34<>"",K34<=Assumptions!$B$9) -> TRUE | O34: =AND(P34<>"",ABS(L34)<=Assumptions!$B$10) -> TRUE | P34: 43410 | Q34: 6932.56 | R34: 0.01419 | S34: =IF(I34,"DAMAGE SKIP",IF(AND(M34,N34),IF(O34,"TUESDAY RE-ENTRY","GAP/MOM SKIP"),"BASELINE")) -> BASELINE | T34: =IF(I34,0,IF(AND(M34,N34),IF(O34,R34,0),G34)) -> 0.00994 | U34: =G34*Assumptions!$B$6 -> 0.112322 | V34: =T34*Assumptions!$B$6 -> 0.112322 | W34: =V34-U34 -> 0 | X34: =X33*(1+U34) -> 55.366083 | Y34: =MAX(Y33,X34) -> 309.63942 | Z34: =X34/Y34-1 -> -0.82119175 | AA34: =AA33*(1+V34) -> 111.1702 | AB34: =MAX(AB33,AA34) -> 246.07406 | AC34: =AA34/AB34-1 -> -0.54822463 | AD34: =AA34-X34 -> 55.804117 | AE34: Baseline trade unchanged.
A35: 31 | B35: 43416 | C35: 43419 | D35: TSL1PRE | E35: 6984.77 | F35: 6769.069 | G35: -0.03088 | H35: =SUM(T33:T34) -> 0.00994 | I35: =AND(A35>2,H35<=Assumptions!$B$7) -> FALSE | J35: -0.0065709283 | K35: -0.015997889 | L35: -0.025502121 | M35: =J35>=Assumptions!$B$8 -> FALSE | N35: =AND(K35<>"",K35<=Assumptions!$B$9) -> TRUE | O35: =AND(P35<>"",ABS(L35)<=Assumptions!$B$10) -> FALSE | P35: 43417 | Q35: 6854.77 | R35: -0.0125 | S35: =IF(I35,"DAMAGE SKIP",IF(AND(M35,N35),IF(O35,"TUESDAY RE-ENTRY","GAP/MOM SKIP"),"BASELINE")) -> BASELINE | T35: =IF(I35,0,IF(AND(M35,N35),IF(O35,R35,0),G35)) -> -0.03088 | U35: =G35*Assumptions!$B$6 -> -0.348944 | V35: =T35*Assumptions!$B$6 -> -0.348944 | W35: =V35-U35 -> 0 | X35: =X34*(1+U35) -> 36.04642 | Y35: =MAX(Y34,X35) -> 309.63942 | Z35: =X35/Y35-1 -> -0.88358581 | AA35: =AA34*(1+V35) -> 72.378025 | AB35: =MAX(AB34,AA35) -> 246.07406 | AC35: =AA35/AB35-1 -> -0.70586893 | AD35: =AA35-X35 -> 36.331605 | AE35: Baseline trade unchanged.
A36: 32 | B36: 43423 | C36: 43424 | D36: SLPRE | E36: 6832.46 | F36: 6482.859 | G36: -0.05116 | H36: =SUM(T34:T35) -> -0.02094 | I36: =AND(A36>2,H36<=Assumptions!$B$7) -> TRUE | J36: -0.0053007263 | K36: -0.031801843 | L36: -0.054448681 | M36: =J36>=Assumptions!$B$8 -> FALSE | N36: =AND(K36<>"",K36<=Assumptions!$B$9) -> TRUE | O36: =AND(P36<>"",ABS(L36)<=Assumptions!$B$10) -> FALSE | P36: 43424 | Q36: 6488.569 | R36: -0.00088 | S36: =IF(I36,"DAMAGE SKIP",IF(AND(M36,N36),IF(O36,"TUESDAY RE-ENTRY","GAP/MOM SKIP"),"BASELINE")) -> DAMAGE SKIP | T36: =IF(I36,0,IF(AND(M36,N36),IF(O36,R36,0),G36)) -> 0 | U36: =G36*Assumptions!$B$6 -> -0.578108 | V36: =T36*Assumptions!$B$6 -> 0 | W36: =V36-U36 -> 0.578108 | X36: =X35*(1+U36) -> 15.207696 | Y36: =MAX(Y35,X36) -> 309.63942 | Z36: =X36/Y36-1 -> -0.95088579 | AA36: =AA35*(1+V36) -> 72.378025 | AB36: =MAX(AB35,AA36) -> 246.07406 | AC36: =AA36/AB36-1 -> -0.70586893 | AD36: =AA36-X36 -> 57.170329 | AE36: Skipped because the previous two rule outcomes totalled at or below the damage threshold.
A37: 33 | B37: 43430 | C37: 43430 | D37: CH | E37: 6615.27 | F37: 6684.76 | G37: 0.0105 | H37: =SUM(T35:T36) -> -0.03088 | I37: =AND(A37>2,H37<=Assumptions!$B$7) -> TRUE | J37: 0.014134449 | K37: -0.069123748 | L37: 0.017387594 | M37: =J37>=Assumptions!$B$8 -> TRUE | N37: =AND(K37<>"",K37<=Assumptions!$B$9) -> TRUE | O37: =AND(P37<>"",ABS(L37)<=Assumptions!$B$10) -> FALSE | P37: 43431 | Q37: 6638.47 | R37: 0.00697 | S37: =IF(I37,"DAMAGE SKIP",IF(AND(M37,N37),IF(O37,"TUESDAY RE-ENTRY","GAP/MOM SKIP"),"BASELINE")) -> DAMAGE SKIP | T37: =IF(I37,0,IF(AND(M37,N37),IF(O37,R37,0),G37)) -> 0 | U37: =G37*Assumptions!$B$6 -> 0.11865 | V37: =T37*Assumptions!$B$6 -> 0 | W37: =V37-U37 -> -0.11865 | X37: =X36*(1+U37) -> 17.01209 | Y37: =MAX(Y36,X37) -> 309.63942 | Z37: =X37/Y37-1 -> -0.94505839 | AA37: =AA36*(1+V37) -> 72.378025 | AB37: =MAX(AB36,AA37) -> 246.07406 | AC37: =AA37/AB37-1 -> -0.70586893 | AD37: =AA37-X37 -> 55.365936 | AE37: Skipped because the previous two rule outcomes totalled at or below the damage threshold.
... A40: 36 | B40: 43451 | C40: 43453 | D40: BH | E40: 6570.67 | F40: 6544.3873 | G40: -0.004 | H40: =SUM(T38:T39) -> 0.01346 | I40: =AND(A40>2,H40<=Assumptions!$B$7) -> FALSE | J40: -0.0043941591 | K40: -0.024880407 | L40: -0.014756268 | M40: =J40>=Assumptions!$B$8 -> FALSE | N40: =AND(K40<>"",K40<=Assumptions!$B$9) -> TRUE | O40: =AND(P40<>"",ABS(L40)<=Assumptions!$B$10) -> FALSE | P40: 43452 | Q40: 6497.569 | R40: 0.0072 | S40: =IF(I40,"DAMAGE SKIP",IF(AND(M40,N40),IF(O40,"TUESDAY RE-ENTRY","GAP/MOM SKIP"),"BASELINE")) -> BASELINE | T40: =IF(I40,0,IF(AND(M40,N40),IF(O40,R40,0),G40)) -> -0.004 | U40: =G40*Assumptions!$B$6 -> -0.0452 | V40: =T40*Assumptions!$B$6 -> -0.0452 | W40: =V40-U40 -> 0 | X40: =X39*(1+U40) -> 10.81337 | Y40: =MAX(Y39,X40) -> 309.63942 | Z40: =X40/Y40-1 -> -0.96507754 | AA40: =AA39*(1+V40) -> 79.617505 | AB40: =MAX(AB39,AA40) -> 246.07406 | AC40: =AA40/AB40-1 -> -0.67644901 | AD40: =AA40-X40 -> 68.804134 | AE40: Baseline trade unchanged.
A41: 37 | B41: 43458 | C41: 43460 | D41: CH | E41: 6001.06 | F41: 6272.67 | G41: 0.04526 | H41: =SUM(T39:T40) -> 0.00946 | I41: =AND(A41>2,H41<=Assumptions!$B$7) -> FALSE | J41: -0.007064974 | K41: -0.079718694 | M41: =J41>=Assumptions!$B$8 -> FALSE | N41: =AND(K41<>"",K41<=Assumptions!$B$9) -> TRUE | O41: =AND(P41<>"",ABS(L41)<=Assumptions!$B$10) -> FALSE | S41: =IF(I41,"DAMAGE SKIP",IF(AND(M41,N41),IF(O41,"TUESDAY RE-ENTRY","GAP/MOM SKIP"),"BASELINE")) -> BASELINE | T41: =IF(I41,0,IF(AND(M41,N41),IF(O41,R41,0),G41)) -> 0.04526 | U41: =G41*Assumptions!$B$6 -> 0.511438 | V41: =T41*Assumptions!$B$6 -> 0.511438 | W41: =V41-U41 -> 0 | X41: =X40*(1+U41) -> 16.343739 | Y41: =MAX(Y40,X41) -> 309.63942 | Z41: =X41/Y41-1 -> -0.94721687 | AA41: =AA40*(1+V41) -> 120.33692 | AB41: =MAX(AB40,AA41) -> 246.07406 | AC41: =AA41/AB41-1 -> -0.51097274 | AD41: =AA41-X41 -> 103.99318 | AE41: Baseline trade unchanged.
A42: 38 | B42: 43465 | C42: 43468 | D42: TSL1PRE | E42: 6340.659 | F42: 6221.77 | G42: -0.01875 | H42: =SUM(T40:T41) -> 0.04126 | I42: =AND(A42>2,H42<=Assumptions!$B$7) -> FALSE | J42: 0.011000262 | K42: -0.09060384 | M42: =J42>=Assumptions!$B$8 -> TRUE | N42: =AND(K42<>"",K42<=Assumptions!$B$9) -> TRUE | O42: =AND(P42<>"",ABS(L42)<=Assumptions!$B$10) -> FALSE | S42: =IF(I42,"DAMAGE SKIP",IF(AND(M42,N42),IF(O42,"TUESDAY RE-ENTRY","GAP/MOM SKIP"),"BASELINE")) -> GAP/MOM SKIP | T42: =IF(I42,0,IF(AND(M42,N42),IF(O42,R42,0),G42)) -> 0 | U42: =G42*Assumptions!$B$6 -> -0.211875 | V42: =T42*Assumptions!$B$6 -> 0 | W42: =V42-U42 -> 0.211875 | X42: =X41*(1+U42) -> 12.880909 | Y42: =MAX(Y41,X42) -> 309.63942 | Z42: =X42/Y42-1 -> -0.95840029 | AA42: =AA41*(1+V42) -> 120.33692 | AB42: =MAX(AB41,AA42) -> 246.07406 | AC42: =AA42/AB42-1 -> -0.51097274 | AD42: =AA42-X42 -> 107.45601 | AE42: Monday entry skipped; Tuesday did not normalize within the Friday-based tolerance.
A43: 39 | B43: 43472 | C43: 43472 | D43: CH | E43: 6423.459 | F43: 6488.859 | G43: 0.01018 | H43: =SUM(T41:T42) -> 0.04526 | I43: =AND(A43>2,H43<=Assumptions!$B$7) -> FALSE | J43: 0.0010753427 | K43: -0.054665178 | L43: 0.021517214 | M43: =J43>=Assumptions!$B$8 -> FALSE | N43: =AND(K43<>"",K43<=Assumptions!$B$9) -> TRUE | O43: =AND(P43<>"",ABS(L43)<=Assumptions!$B$10) -> FALSE | P43: 43473 | Q43: 6550.07 | R43: -0.00934 | S43: =IF(I43,"DAMAGE SKIP",IF(AND(M43,N43),IF(O43,"TUESDAY RE-ENTRY","GAP/MOM SKIP"),"BASELINE")) -> BASELINE | T43: =IF(I43,0,IF(AND(M43,N43),IF(O43,R43,0),G43)) -> 0.01018 | U43: =G43*Assumptions!$B$6 -> 0.115034 | V43: =T43*Assumptions!$B$6 -> 0.115034 | W43: =V43-U43 -> 0 | X43: =X42*(1+U43) -> 14.362652 | Y43: =MAX(Y42,X43) -> 309.63942 | Z43: =X43/Y43-1 -> -0.95361491 | AA43: =AA42*(1+V43) -> 134.17976 | AB43: =MAX(AB42,AA43) -> 246.07406 | AC43: =AA43/AB43-1 -> -0.45471798 | AD43: =AA43-X43 -> 119.81711 | AE43: Baseline trade unchanged.
A44: 40 | B44: 43479 | C44: 43483 | D44: TO | E44: 6539.86 | F44: 6787.07 | G44: 0.0378 | H44: =SUM(T42:T43) -> 0.01018 | I44: =AND(A44>2,H44<=Assumptions!$B$7) -> FALSE | J44: -0.0090926033 | K44: -0.023523004 | L44: -0.0044560043 | M44: =J44>=Assumptions!$B$8 -> FALSE | N44: =AND(K44<>"",K44<=Assumptions!$B$9) -> TRUE | O44: =AND(P44<>"",ABS(L44)<=Assumptions!$B$10) -> TRUE | P44: 43480 | Q44: 6565.47 | R44: 0.03375 | S44: =IF(I44,"DAMAGE SKIP",IF(AND(M44,N44),IF(O44,"TUESDAY RE-ENTRY","GAP/MOM SKIP"),"BASELINE")) -> BASELINE | T44: =IF(I44,0,IF(AND(M44,N44),IF(O44,R44,0),G44)) -> 0.0378 | U44: =G44*Assumptions!$B$6 -> 0.42714 | V44: =T44*Assumptions!$B$6 -> 0.42714 | W44: =V44-U44 -> 0 | X44: =X43*(1+U44) -> 20.497515 | Y44: =MAX(Y43,X44) -> 309.63942 | Z44: =X44/Y44-1 -> -0.93380198 | AA44: =AA43*(1+V44) -> 191.4933 | AB44: =MAX(AB43,AA44) -> 246.07406 | AC44: =AA44/AB44-1 -> -0.22180621 | AD44: =AA44-X44 -> 170.99579 | AE44: Baseline trade unchanged.
A45: 41 | B45: 43487 | C45: 43489 | D45: TSL1PRE | E45: 6732.96 | F45: 6655.56 | G45: -0.01149 | H45: =SUM(T43:T44) -> 0.04798 | I45: =AND(A45>2,H45<=Assumptions!$B$7) -> FALSE | J45: -0.0079725124 | K45: 0.07227783 | M45: =J45>=Assumptions!$B$8 -> FALSE | N45: =AND(K45<>"",K45<=Assumptions!$B$9) -> FALSE | O45: =AND(P45<>"",ABS(L45)<=Assumptions!$B$10) -> FALSE | S45: =IF(I45,"DAMAGE SKIP",IF(AND(M45,N45),IF(O45,"TUESDAY RE-ENTRY","GAP/MOM SKIP"),"BASELINE")) -> BASELINE | T45: =IF(I45,0,IF(AND(M45,N45),IF(O45,R45,0),G45)) -> -0.01149 | U45: =G45*Assumptions!$B$6 -> -0.129837 | V45: =T45*Assumptions!$B$6 -> -0.129837 | W45: =V45-U45 -> 0 | X45: =X44*(1+U45) -> 17.836179 | Y45: =MAX(Y44,X45) -> 309.63942 | Z45: =X45/Y45-1 -> -0.94239694 | AA45: =AA44*(1+V45) -> 166.63039 | AB45: =MAX(AB44,AA45) -> 246.07406 | AC45: =AA45/AB45-1 -> -0.32284456 | AD45: =AA45-X45 -> 148.79421 | AE45: Baseline trade unchanged.
A46: 42 | B46: 43493 | C46: 43495 | D46: BEPRE | E46: 6691.069 | F46: 6689.67 | G46: -0.0002 | H46: =SUM(T44:T45) -> 0.02631 | I46: =AND(A46>2,H46<=Assumptions!$B$7) -> FALSE | J46: -0.013708732 | K46: 0.083086682 | L46: -0.011757801 | M46: =J46>=Assumptions!$B$8 -> FALSE | N46: =AND(K46<>"",K46<=Assumptions!$B$9) -> FALSE | O46: =AND(P46<>"",ABS(L46)<=Assumptions!$B$10) -> FALSE | P46: 43494 | Q46: 6699.87 | R46: -0.00152 | S46: =IF(I46,"DAMAGE SKIP",IF(AND(M46,N46),IF(O46,"TUESDAY RE-ENTRY","GAP/MOM SKIP"),"BASELINE")) -> BASELINE | T46: =IF(I46,0,IF(AND(M46,N46),IF(O46,R46,0),G46)) -> -0.0002 | U46: =G46*Assumptions!$B$6 -> -0.00226 | V46: =T46*Assumptions!$B$6 -> -0.00226 | W46: =V46-U46 -> 0 | X46: =X45*(1+U46) -> 17.795869 | Y46: =MAX(Y45,X46) -> 309.63942 | Z46: =X46/Y46-1 -> -0.94252712 | AA46: =AA45*(1+V46) -> 166.2538 | AB46: =MAX(AB45,AA46) -> 246.07406 | AC46: =AA46/AB46-1 -> -0.32437493 | AD46: =AA46-X46 -> 148.45793 | AE46: Baseline trade unchanged.
A47: 43 | B47: 43500 | C47: 43500 | D47: CH | E47: 6875.37 | F47: 6961.169 | G47: 0.01247 | H47: =SUM(T45:T46) -> -0.01169 | I47: =AND(A47>2,H47<=Assumptions!$B$7) -> FALSE | J47: 0.00019057151 | K47: 0.11777105 | L47: 0.013710992 | M47: =J47>=Assumptions!$B$8 -> FALSE | N47: =AND(K47<>"",K47<=Assumptions!$B$9) -> FALSE | O47: =AND(P47<>"",ABS(L47)<=Assumptions!$B$10) -> FALSE | P47: 43501 | Q47: 6968.469 | R47: -0.00104 | S47: =IF(I47,"DAMAGE SKIP",IF(AND(M47,N47),IF(O47,"TUESDAY RE-ENTRY","GAP/MOM SKIP"),"BASELINE")) -> BASELINE | T47: =IF(I47,0,IF(AND(M47,N47),IF(O47,R47,0),G47)) -> 0.01247 | U47: =G47*Assumptions!$B$6 -> 0.140911 | V47: =T47*Assumptions!$B$6 -> 0.140911 | W47: =V47-U47 -> 0 | X47: =X46*(1+U47) -> 20.303503 | Y47: =MAX(Y46,X47) -> 309.63942 | Z47: =X47/Y47-1 -> -0.93442856 | AA47: =AA46*(1+V47) -> 189.68079 | AB47: =MAX(AB46,AA47) -> 246.07406 | AC47: =AA47/AB47-1 -> -0.22917193 | AD47: =AA47-X47 -> 169.37729 | AE47: Baseline trade unchanged.
A48: 44 | B48: 43507 | C48: 43511 | D48: TO | E48: 6938.86 | F48: 7055.669 | G48: 0.01683 | H48: =SUM(T46:T47) -> 0.01227 | I48: =AND(A48>2,H48<=Assumptions!$B$7) -> FALSE | J48: 0.0040791993 | K48: 0.045301504 | L48: 0.0060525128 | M48: =J48>=Assumptions!$B$8 -> FALSE | N48: =AND(K48<>"",K48<=Assumptions!$B$9) -> FALSE | O48: =AND(P48<>"",ABS(L48)<=Assumptions!$B$10) -> FALSE | P48: 43508 | Q48: 6956.37 | R48: 0.01427 | S48: =IF(I48,"DAMAGE SKIP",IF(AND(M48,N48),IF(O48,"TUESDAY RE-ENTRY","GAP/MOM SKIP"),"BASELINE")) -> BASELINE | T48: =IF(I48,0,IF(AND(M48,N48),IF(O48,R48,0),G48)) -> 0.01683 | U48: =G48*Assumptions!$B$6 -> 0.190179 | V48: =T48*Assumptions!$B$6 -> 0.190179 | W48: =V48-U48 -> 0 | X48: =X47*(1+U48) -> 24.164803 | Y48: =MAX(Y47,X48) -> 309.63942 | Z48: =X48/Y48-1 -> -0.92195825 | AA48: =AA47*(1+V48) -> 225.75409 | AB48: =MAX(AB47,AA48) -> 246.07406 | AC48: =AA48/AB48-1 -> -0.082576616 | AD48: =AA48-X48 -> 201.58929 | AE48: Baseline trade unchanged.
A49: 45 | B49: 43515 | C49: 43517 | D49: TSL2 | E49: 7029.169 | F49: 7001.0523 | G49: -0.004 | H49: =SUM(T47:T48) -> 0.0293 | I49: =AND(A49>2,H49<=Assumptions!$B$7) -> FALSE | J49: -0.0037558451 | K49: 0.050685315 | M49: =J49>=Assumptions!$B$8 -> FALSE | N49: =AND(K49<>"",K49<=Assumptions!$B$9) -> FALSE | O49: =AND(P49<>"",ABS(L49)<=Assumptions!$B$10) -> FALSE | S49: =IF(I49,"DAMAGE SKIP",IF(AND(M49,N49),IF(O49,"TUESDAY RE-ENTRY","GAP/MOM SKIP"),"BASELINE")) -> BASELINE | T49: =IF(I49,0,IF(AND(M49,N49),IF(O49,R49,0),G49)) -> -0.004 | U49: =G49*Assumptions!$B$6 -> -0.0452 | V49: =T49*Assumptions!$B$6 -> -0.0452 | W49: =V49-U49 -> 0 | X49: =X48*(1+U49) -> 23.072554 | Y49: =MAX(Y48,X49) -> 309.63942 | Z49: =X49/Y49-1 -> -0.92548573 | AA49: =AA48*(1+V49) -> 215.55001 | AB49: =MAX(AB48,AA49) -> 246.07406 | AC49: =AA49/AB49-1 -> -0.12404415 | AD49: =AA49-X49 -> 192.47746 | AE49: Baseline trade unchanged.
A50: 46 | B50: 43521 | C50: 43524 | D50: TSL1PRE | E50: 7141.37 | F50: 7110.559 | G50: -0.00431 | H50: =SUM(T48:T49) -> 0.01283 | I50: =AND(A50>2,H50<=Assumptions!$B$7) -> FALSE | J50: 0.0077345013 | K50: 0.059341572 | L50: 0.0009042845 | M50: =J50>=Assumptions!$B$8 -> FALSE | N50: =AND(K50<>"",K50<=Assumptions!$B$9) -> FALSE | O50: =AND(P50<>"",ABS(L50)<=Assumptions!$B$10) -> TRUE | P50: 43522 | Q50: 7092.86 | R50: 0.00249 | S50: =IF(I50,"DAMAGE SKIP",IF(AND(M50,N50),IF(O50,"TUESDAY RE-ENTRY","GAP/MOM SKIP"),"BASELINE")) -> BASELINE | T50: =IF(I50,0,IF(AND(M50,N50),IF(O50,R50,0),G50)) -> -0.00431 | U50: =G50*Assumptions!$B$6 -> -0.048703 | V50: =T50*Assumptions!$B$6 -> -0.048703 | W50: =V50-U50 -> 0 | X50: =X49*(1+U50) -> 21.948851 | Y50: =MAX(Y49,X50) -> 309.63942 | Z50: =X50/Y50-1 -> -0.9291148 | AA50: =AA49*(1+V50) -> 205.05208 | AB50: =MAX(AB49,AA50) -> 246.07406 | AC50: =AA50/AB50-1 -> -0.16670583 | AD50: =AA50-X50 -> 183.10323 | AE50: Baseline trade unchanged.
A51: 47 | B51: 43528 | C51: 43530 | D51: BEPRE | E51: 7188.659 | F51: 7160.06 | G51: -0.00397 | H51: =SUM(T49:T50) -> -0.00831 | I51: =AND(A51>2,H51<=Assumptions!$B$7) -> FALSE | J51: 0.0054407428 | K51: 0.036948667 | L51: 0.00075304355 | M51: =J51>=Assumptions!$B$8 -> FALSE | N51: =AND(K51<>"",K51<=Assumptions!$B$9) -> FALSE | O51: =AND(P51<>"",ABS(L51)<=Assumptions!$B$10) -> TRUE | P51: 43529 | Q51: 7151.96 | R51: 0.00113 | S51: =IF(I51,"DAMAGE SKIP",IF(AND(M51,N51),IF(O51,"TUESDAY RE-ENTRY","GAP/MOM SKIP"),"BASELINE")) -> BASELINE | T51: =IF(I51,0,IF(AND(M51,N51),IF(O51,R51,0),G51)) -> -0.00397 | U51: =G51*Assumptions!$B$6 -> -0.044861 | V51: =T51*Assumptions!$B$6 -> -0.044861 | W51: =V51-U51 -> 0 | X51: =X50*(1+U51) -> 20.964204 | Y51: =MAX(Y50,X51) -> 309.63942 | Z51: =X51/Y51-1 -> -0.93229478 | AA51: =AA50*(1+V51) -> 195.85324 | AB51: =MAX(AB50,AA51) -> 246.07406 | AC51: =AA51/AB51-1 -> -0.20408824 | AD51: =AA51-X51 -> 174.88903 | AE51: Baseline trade unchanged.
A52: 48 | B52: 43535 | C52: 43535 | D52: CH | E52: 7040.96 | F52: 7157.36 | G52: 0.01653 | H52: =SUM(T50:T51) -> -0.00828 | I52: =AND(A52>2,H52<=Assumptions!$B$7) -> FALSE | J52: 0.0032201255 | K52: 0.017432136 | L52: 0.023404774 | M52: =J52>=Assumptions!$B$8 -> FALSE | N52: =AND(K52<>"",K52<=Assumptions!$B$9) -> FALSE | O52: =AND(P52<>"",ABS(L52)<=Assumptions!$B$10) -> FALSE | P52: 43536 | Q52: 7177.26 | R52: -0.00277 | S52: =IF(I52,"DAMAGE SKIP",IF(AND(M52,N52),IF(O52,"TUESDAY RE-ENTRY","GAP/MOM SKIP"),"BASELINE")) -> BASELINE | T52: =IF(I52,0,IF(AND(M52,N52),IF(O52,R52,0),G52)) -> 0.01653 | U52: =G52*Assumptions!$B$6 -> 0.186789 | V52: =T52*Assumptions!$B$6 -> 0.186789 | W52: =V52-U52 -> 0 | X52: =X51*(1+U52) -> 24.880087 | Y52: =MAX(Y51,X52) -> 309.63942 | Z52: =X52/Y52-1 -> -0.91964819 | AA52: =AA51*(1+V52) -> 232.43647 | AB52: =MAX(AB51,AA52) -> 246.07406 | AC52: =AA52/AB52-1 -> -0.055420678 | AD52: =AA52-X52 -> 207.55638 | AE52: Baseline trade unchanged.
A53: 49 | B53: 43542 | C53: 43546 | D53: TO | E53: 7305.46 | F53: 7333.06 | G53: 0.00377 | H53: =SUM(T51:T52) -> 0.01256 | I53: =AND(A53>2,H53<=Assumptions!$B$7) -> FALSE | J53: 0.00043685046 | K53: 0.041673261 | L53: 0.0062936818 | M53: =J53>=Assumptions!$B$8 -> FALSE | N53: =AND(K53<>"",K53<=Assumptions!$B$9) -> FALSE | O53: =AND(P53<>"",ABS(L53)<=Assumptions!$B$10) -> FALSE | P53: 43543 | Q53: 7355.16 | R53: -0.003 | S53: =IF(I53,"DAMAGE SKIP",IF(AND(M53,N53),IF(O53,"TUESDAY RE-ENTRY","GAP/MOM SKIP"),"BASELINE")) -> BASELINE | T53: =IF(I53,0,IF(AND(M53,N53),IF(O53,R53,0),G53)) -> 0.00377 | U53: =G53*Assumptions!$B$6 -> 0.042601 | V53: =T53*Assumptions!$B$6 -> 0.042601 | W53: =V53-U53 -> 0 | X53: =X52*(1+U53) -> 25.940003 | Y53: =MAX(Y52,X53) -> 309.63942 | Z53: =X53/Y53-1 -> -0.91622513 | AA53: =AA52*(1+V53) -> 242.33849 | AB53: =MAX(AB52,AA53) -> 246.07406 | AC53: =AA53/AB53-1 -> -0.015180655 | AD53: =AA53-X53 -> 216.39849 | AE53: Baseline trade unchanged.
A54: 50 | B54: 43549 | C54: 43552 | D54: TSL1PRE | E54: 7302.059 | F54: 7267.87 | G54: -0.00468 | H54: =SUM(T52:T53) -> 0.0203 | I54: =AND(A54>2,H54<=Assumptions!$B$7) -> FALSE | J54: -0.0042275667 | K54: 0.034694382 | L54: 0.0057215438 | M54: =J54>=Assumptions!$B$8 -> FALSE | N54: =AND(K54<>"",K54<=Assumptions!$B$9) -> FALSE | O54: =AND(P54<>"",ABS(L54)<=Assumptions!$B$10) -> FALSE | P54: 43550 | Q54: 7369.07 | R54: -0.01373 | S54: =IF(I54,"DAMAGE SKIP",IF(AND(M54,N54),IF(O54,"TUESDAY RE-ENTRY","GAP/MOM SKIP"),"BASELINE")) -> BASELINE | T54: =IF(I54,0,IF(AND(M54,N54),IF(O54,R54,0),G54)) -> -0.00468 | U54: =G54*Assumptions!$B$6 -> -0.052884 | V54: =T54*Assumptions!$B$6 -> -0.052884 | W54: =V54-U54 -> 0 | X54: =X53*(1+U54) -> 24.568192 | Y54: =MAX(Y53,X54) -> 309.63942 | Z54: =X54/Y54-1 -> -0.92065548 | AA54: =AA53*(1+V54) -> 229.52266 | AB54: =MAX(AB53,AA54) -> 246.07406 | AC54: =AA54/AB54-1 -> -0.067261841 | AD54: =AA54-X54 -> 204.95447 | AE54: Baseline trade unchanged.
A55: 51 | B55: 43556 | C55: 43560 | D55: TO | E55: 7444.87 | F55: 7579.76 | G55: 0.01811 | H55: =SUM(T53:T54) -> -0.00091 | I55: =AND(A55>2,H55<=Assumptions!$B$7) -> FALSE | J55: 0.0095615077 | K55: 0.032099975 | L55: 0.01429713 | M55: =J55>=Assumptions!$B$8 -> FALSE | N55: =AND(K55<>"",K55<=Assumptions!$B$9) -> FALSE | O55: =AND(P55<>"",ABS(L55)<=Assumptions!$B$10) -> FALSE | P55: 43557 | Q55: 7478.16 | R55: 0.01358 | S55: =IF(I55,"DAMAGE SKIP",IF(AND(M55,N55),IF(O55,"TUESDAY RE-ENTRY","GAP/MOM SKIP"),"BASELINE")) -> BASELINE | T55: =IF(I55,0,IF(AND(M55,N55),IF(O55,R55,0),G55)) -> 0.01811 | U55: =G55*Assumptions!$B$6 -> 0.204643 | V55: =T55*Assumptions!$B$6 -> 0.204643 | W55: =V55-U55 -> 0 | X55: =X54*(1+U55) -> 29.595901 | Y55: =MAX(Y54,X55) -> 309.63942 | Z55: =X55/Y55-1 -> -0.90441817 | AA55: =AA54*(1+V55) -> 276.49287 | AB55: =MAX(AB54,AA55) -> 276.49287 | AC55: =AA55/AB55-1 -> 0 | AD55: =AA55-X55 -> 246.89697 | AE55: Baseline trade unchanged.
A56: 52 | B56: 43563 | C56: 43567 | D56: TO | E56: 7563.47 | F56: 7628.47 | G56: 0.00859 | H56: =SUM(T54:T55) -> 0.01343 | I56: =AND(A56>2,H56<=Assumptions!$B$7) -> FALSE | J56: -0.0021491446 | K56: 0.080711154 | L56: -0.00089016091 | M56: =J56>=Assumptions!$B$8 -> FALSE | N56: =AND(K56<>"",K56<=Assumptions!$B$9) -> FALSE | O56: =AND(P56<>"",ABS(L56)<=Assumptions!$B$10) -> TRUE | P56: 43564 | Q56: 7568.86 | R56: 0.00787 | S56: =IF(I56,"DAMAGE SKIP",IF(AND(M56,N56),IF(O56,"TUESDAY RE-ENTRY","GAP/MOM SKIP"),"BASELINE")) -> BASELINE | T56: =IF(I56,0,IF(AND(M56,N56),IF(O56,R56,0),G56)) -> 0.00859 | U56: =G56*Assumptions!$B$6 -> 0.097067 | V56: =T56*Assumptions!$B$6 -> 0.097067 | W56: =V56-U56 -> 0 | X56: =X55*(1+U56) -> 32.468686 | Y56: =MAX(Y55,X56) -> 309.63942 | Z56: =X56/Y56-1 -> -0.89514033 | AA56: =AA55*(1+V56) -> 303.3312 | AB56: =MAX(AB55,AA56) -> 303.3312 | AC56: =AA56/AB56-1 -> 0 | AD56: =AA56-X56 -> 270.86252 | AE56: Baseline trade unchanged.
A57: 53 | B57: 43570 | C57: 43573 | D57: TO | E57: 7624.769 | F57: 7689.67 | G57: 0.00851 | H57: =SUM(T55:T56) -> 0.0267 | I57: =AND(A57>2,H57<=Assumptions!$B$7) -> FALSE | J57: -0.00048515626 | K57: 0.043868774 | L57: 0.0036835712 | M57: =J57>=Assumptions!$B$8 -> FALSE | N57: =AND(K57<>"",K57<=Assumptions!$B$9) -> FALSE | O57: =AND(P57<>"",ABS(L57)<=Assumptions!$B$10) -> TRUE | P57: 43571 | Q57: 7653.069 | R57: 0.00478 | S57: =IF(I57,"DAMAGE SKIP",IF(AND(M57,N57),IF(O57,"TUESDAY RE-ENTRY","GAP/MOM SKIP"),"BASELINE")) -> BASELINE | T57: =IF(I57,0,IF(AND(M57,N57),IF(O57,R57,0),G57)) -> 0.00851 | U57: =G57*Assumptions!$B$6 -> 0.096163 | V57: =T57*Assumptions!$B$6 -> 0.096163 | W57: =V57-U57 -> 0 | X57: =X56*(1+U57) -> 35.590972 | Y57: =MAX(Y56,X57) -> 309.63942 | Z57: =X57/Y57-1 -> -0.88505671 | AA57: =AA56*(1+V57) -> 332.50044 | AB57: =MAX(AB56,AA57) -> 332.50044 | AC57: =AA57/AB57-1 -> 0 | AD57: =AA57-X57 -> 296.90947 | AE57: Baseline trade unchanged.
A58: 54 | B58: 43577 | C58: 43577 | D58: CH | E58: 7654.769 | F58: 7713.37 | G58: 0.00765 | H58: =SUM(T56:T57) -> 0.0171 | I58: =AND(A58>2,H58<=Assumptions!$B$7) -> FALSE | J58: -0.0045386863 | K58: 0.026406514 | L58: 0.0052409214 | M58: =J58>=Assumptions!$B$8 -> FALSE | N58: =AND(K58<>"",K58<=Assumptions!$B$9) -> FALSE | O58: =AND(P58<>"",ABS(L58)<=Assumptions!$B$10) -> FALSE | P58: 43578 | Q58: 7729.66 | R58: -0.0021 | S58: =IF(I58,"DAMAGE SKIP",IF(AND(M58,N58),IF(O58,"TUESDAY RE-ENTRY","GAP/MOM SKIP"),"BASELINE")) -> BASELINE | T58: =IF(I58,0,IF(AND(M58,N58),IF(O58,R58,0),G58)) -> 0.00765 | U58: =G58*Assumptions!$B$6 -> 0.086445 | V58: =T58*Assumptions!$B$6 -> 0.086445 | W58: =V58-U58 -> 0 | X58: =X57*(1+U58) -> 38.667634 | Y58: =MAX(Y57,X58) -> 309.63942 | Z58: =X58/Y58-1 -> -0.87512044 | AA58: =AA57*(1+V58) -> 361.24344 | AB58: =MAX(AB57,AA58) -> 361.24344 | AC58: =AA58/AB58-1 -> 0 | AD58: =AA58-X58 -> 322.57581 | AE58: Baseline trade unchanged.
A59: 55 | B59: 43584 | C59: 43586 | D59: BEPRE | E59: 7821.86 | F59: 7830.969 | G59: 0.00116 | H59: =SUM(T57:T58) -> 0.01616 | I59: =AND(A59>2,H59<=Assumptions!$B$7) -> FALSE | J59: -0.00064010262 | K59: 0.06921138 | L59: -0.006100955 | M59: =J59>=Assumptions!$B$8 -> FALSE | N59: =AND(K59<>"",K59<=Assumptions!$B$9) -> FALSE | O59: =AND(P59<>"",ABS(L59)<=Assumptions!$B$10) -> FALSE | P59: 43585 | Q59: 7774.76 | R59: 0.00722 | S59: =IF(I59,"DAMAGE SKIP",IF(AND(M59,N59),IF(O59,"TUESDAY RE-ENTRY","GAP/MOM SKIP"),"BASELINE")) -> BASELINE | T59: =IF(I59,0,IF(AND(M59,N59),IF(O59,R59,0),G59)) -> 0.00116 | U59: =G59*Assumptions!$B$6 -> 0.013108 | V59: =T59*Assumptions!$B$6 -> 0.013108 | W59: =V59-U59 -> 0 | X59: =X58*(1+U59) -> 39.174489 | Y59: =MAX(Y58,X59) -> 309.63942 | Z59: =X59/Y59-1 -> -0.87348352 | AA59: =AA58*(1+V59) -> 365.97862 | AB59: =MAX(AB58,AA59) -> 365.97862 | AC59: =AA59/AB59-1 -> 0 | AD59: =AA59-X59 -> 326.80413 | AE59: Baseline trade unchanged.
A60: 56 | B60: 43591 | C60: 43591 | D60: CH | E60: 7673.57 | F60: 7796.46 | G60: 0.01601 | H60: =SUM(T58:T59) -> 0.00881 | I60: =AND(A60>2,H60<=Assumptions!$B$7) -> FALSE | J60: -0.021810988 | K60: 0.040365195 | L60: -0.017006914 | M60: =J60>=Assumptions!$B$8 -> FALSE | N60: =AND(K60<>"",K60<=Assumptions!$B$9) -> FALSE | O60: =AND(P60<>"",ABS(L60)<=Assumptions!$B$10) -> FALSE | P60: 43592 | Q60: 7706.169 | R60: 0.01171 | S60: =IF(I60,"DAMAGE SKIP",IF(AND(M60,N60),IF(O60,"TUESDAY RE-ENTRY","GAP/MOM SKIP"),"BASELINE")) -> BASELINE | T60: =IF(I60,0,IF(AND(M60,N60),IF(O60,R60,0),G60)) -> 0.01601 | U60: =G60*Assumptions!$B$6 -> 0.180913 | V60: =T60*Assumptions!$B$6 -> 0.180913 | W60: =V60-U60 -> 0 | X60: =X59*(1+U60) -> 46.261663 | Y60: =MAX(Y59,X60) -> 309.63942 | Z60: =X60/Y60-1 -> -0.85059504 | AA60: =AA59*(1+V60) -> 432.18891 | AB60: =MAX(AB59,AA60) -> 432.18891 | AC60: =AA60/AB60-1 -> 0 | AD60: =AA60-X60 -> 385.92725 | AE60: Baseline trade unchanged.
A61: 57 | B61: 43598 | C61: 43602 | D61: TO | E61: 7392.66 | F61: 7496.569 | G61: 0.01405 | H61: =SUM(T59:T60) -> 0.01717 | I61: =AND(A61>2,H61<=Assumptions!$B$7) -> FALSE | J61: -0.025829296 | K61: -0.00016867483 | L61: -0.029708649 | M61: =J61>=Assumptions!$B$8 -> FALSE | N61: =AND(K61<>"",K61<=Assumptions!$B$9) -> FALSE | O61: =AND(P61<>"",ABS(L61)<=Assumptions!$B$10) -> FALSE | P61: 43599 | Q61: 7362.76 | R61: 0.01817 | S61: =IF(I61,"DAMAGE SKIP",IF(AND(M61,N61),IF(O61,"TUESDAY RE-ENTRY","GAP/MOM SKIP"),"BASELINE")) -> BASELINE | T61: =IF(I61,0,IF(AND(M61,N61),IF(O61,R61,0),G61)) -> 0.01405 | U61: =G61*Assumptions!$B$6 -> 0.158765 | V61: =T61*Assumptions!$B$6 -> 0.158765 | W61: =V61-U61 -> 0 | X61: =X60*(1+U61) -> 53.606396 | Y61: =MAX(Y60,X61) -> 309.63942 | Z61: =X61/Y61-1 -> -0.82687477 | AA61: =AA60*(1+V61) -> 500.80538 | AB61: =MAX(AB60,AA61) -> 500.80538 | AC61: =AA61/AB61-1 -> 0 | AD61: =AA61-X61 -> 447.19899 | AE61: Baseline trade unchanged.
A62: 58 | B62: 43605 | C62: 43608 | D62: TSL1PRE | E62: 7396.16 | F62: 7365.569 | G62: -0.00413 | H62: =SUM(T60:T61) -> 0.03006 | I62: =AND(A62>2,H62<=Assumptions!$B$7) -> FALSE | J62: -0.013393994 | K62: -0.02322883 | L62: -0.0083609474 | M62: =J62>=Assumptions!$B$8 -> FALSE | N62: =AND(K62<>"",K62<=Assumptions!$B$9) -> TRUE | O62: =AND(P62<>"",ABS(L62)<=Assumptions!$B$10) -> FALSE | P62: 43606 | Q62: 7437.769 | R62: -0.0097 | S62: =IF(I62,"DAMAGE SKIP",IF(AND(M62,N62),IF(O62,"TUESDAY RE-ENTRY","GAP/MOM SKIP"),"BASELINE")) -> BASELINE | T62: =IF(I62,0,IF(AND(M62,N62),IF(O62,R62,0),G62)) -> -0.00413 | U62: =G62*Assumptions!$B$6 -> -0.046669 | V62: =T62*Assumptions!$B$6 -> -0.046669 | W62: =V62-U62 -> 0 | X62: =X61*(1+U62) -> 51.104639 | Y62: =MAX(Y61,X62) -> 309.63942 | Z62: =X62/Y62-1 -> -0.83495435 | AA62: =AA61*(1+V62) -> 477.4333 | AB62: =MAX(AB61,AA62) -> 500.80538 | AC62: =AA62/AB62-1 -> -0.046669 | AD62: =AA62-X62 -> 426.32866 | AE62: Baseline trade unchanged.
A63: 59 | B63: 43613 | C63: 43615 | D63: TSL1PRE | E63: 7319.16 | F63: 7203.169 | G63: -0.01584 | H63: =SUM(T61:T62) -> 0.00992 | I63: =AND(A63>2,H63<=Assumptions!$B$7) -> FALSE | J63: 0.0030974875 | K63: -0.065473397 | M63: =J63>=Assumptions!$B$8 -> FALSE | N63: =AND(K63<>"",K63<=Assumptions!$B$9) -> TRUE | O63: =AND(P63<>"",ABS(L63)<=Assumptions!$B$10) -> FALSE | S63: =IF(I63,"DAMAGE SKIP",IF(AND(M63,N63),IF(O63,"TUESDAY RE-ENTRY","GAP/MOM SKIP"),"BASELINE")) -> BASELINE | T63: =IF(I63,0,IF(AND(M63,N63),IF(O63,R63,0),G63)) -> -0.01584 | U63: =G63*Assumptions!$B$6 -> -0.178992 | V63: =T63*Assumptions!$B$6 -> -0.178992 | W63: =V63-U63 -> 0 | X63: =X62*(1+U63) -> 41.957318 | Y63: =MAX(Y62,X63) -> 309.63942 | Z63: =X63/Y63-1 -> -0.8644962 | AA63: =AA62*(1+V63) -> 391.97656 | AB63: =MAX(AB62,AA63) -> 500.80538 | AC63: =AA63/AB63-1 -> -0.21730762 | AD63: =AA63-X63 -> 350.01924 | AE63: Baseline trade unchanged.
A64: 60 | B64: 43619 | C64: 43623 | D64: TO | E64: 7108.26 | F64: 7408.369 | G64: 0.04221 | H64: =SUM(T62:T63) -> -0.01997 | I64: =AND(A64>2,H64<=Assumptions!$B$7) -> FALSE | J64: -0.0032266342 | K64: -0.075311933 | L64: -0.011358267 | M64: =J64>=Assumptions!$B$8 -> FALSE | N64: =AND(K64<>"",K64<=Assumptions!$B$9) -> TRUE | O64: =AND(P64<>"",ABS(L64)<=Assumptions!$B$10) -> FALSE | P64: 43620 | Q64: 7046.26 | R64: 0.05139 | S64: =IF(I64,"DAMAGE SKIP",IF(AND(M64,N64),IF(O64,"TUESDAY RE-ENTRY","GAP/MOM SKIP"),"BASELINE")) -> BASELINE | T64: =IF(I64,0,IF(AND(M64,N64),IF(O64,R64,0),G64)) -> 0.04221 | U64: =G64*Assumptions!$B$6 -> 0.476973 | V64: =T64*Assumptions!$B$6 -> 0.476973 | W64: =V64-U64 -> 0 | X64: =X63*(1+U64) -> 61.969826 | Y64: =MAX(Y63,X64) -> 309.63942 | Z64: =X64/Y64-1 -> -0.79986454 | AA64: =AA63*(1+V64) -> 578.93879 | AB64: =MAX(AB63,AA64) -> 578.93879 | AC64: =AA64/AB64-1 -> 0 | AD64: =AA64-X64 -> 516.96897 | AE64: Baseline trade unchanged.
A65: 61 | B65: 43626 | C65: 43629 | D65: TSL1PRE | E65: 7462.47 | F65: 7426.369 | G65: -0.00483 | H65: =SUM(T63:T64) -> 0.02637 | I65: =AND(A65>2,H65<=Assumptions!$B$7) -> FALSE | J65: 0.007302687 | K65: -0.020213395 | L65: 0.022302675 | M65: =J65>=Assumptions!$B$8 -> FALSE | N65: =AND(K65<>"",K65<=Assumptions!$B$9) -> TRUE | O65: =AND(P65<>"",ABS(L65)<=Assumptions!$B$10) -> FALSE | P65: 43627 | Q65: 7581.969 | R65: -0.02052 | S65: =IF(I65,"DAMAGE SKIP",IF(AND(M65,N65),IF(O65,"TUESDAY RE-ENTRY","GAP/MOM SKIP"),"BASELINE")) -> BASELINE | T65: =IF(I65,0,IF(AND(M65,N65),IF(O65,R65,0),G65)) -> -0.00483 | U65: =G65*Assumptions!$B$6 -> -0.054579 | V65: =T65*Assumptions!$B$6 -> -0.054579 | W65: =V65-U65 -> 0 | X65: =X64*(1+U65) -> 58.587574 | Y65: =MAX(Y64,X65) -> 309.63942 | Z65: =X65/Y65-1 -> -0.81078774 | AA65: =AA64*(1+V65) -> 547.34089 | AB65: =MAX(AB64,AA65) -> 578.93879 | AC65: =AA65/AB65-1 -> -0.054579 | AD65: =AA65-X65 -> 488.75332 | AE65: Baseline trade unchanged.
A66: 62 | B66: 43633 | C66: 43637 | D66: TO | E66: 7493.959 | F66: 7734.86 | G66: 0.03214 | H66: =SUM(T64:T65) -> 0.03738 | I66: =AND(A66>2,H66<=Assumptions!$B$7) -> FALSE | J66: 0.0021796926 | K66: -0.012387628 | L66: 0.017800588 | M66: =J66>=Assumptions!$B$8 -> FALSE | N66: =AND(K66<>"",K66<=Assumptions!$B$9) -> TRUE | O66: =AND(P66<>"",ABS(L66)<=Assumptions!$B$10) -> FALSE | P66: 43634 | Q66: 7611.07 | R66: 0.01626 | S66: =IF(I66,"DAMAGE SKIP",IF(AND(M66,N66),IF(O66,"TUESDAY RE-ENTRY","GAP/MOM SKIP"),"BASELINE")) -> BASELINE | T66: =IF(I66,0,IF(AND(M66,N66),IF(O66,R66,0),G66)) -> 0.03214 | U66: =G66*Assumptions!$B$6 -> 0.363182 | V66: =T66*Assumptions!$B$6 -> 0.363182 | W66: =V66-U66 -> 0 | X66: =X65*(1+U66) -> 79.865527 | Y66: =MAX(Y65,X66) -> 309.63942 | Z66: =X66/Y66-1 -> -0.74206925 | AA66: =AA65*(1+V66) -> 746.12525 | AB66: =MAX(AB65,AA66) -> 746.12525 | AC66: =AA66/AB66-1 -> 0 | AD66: =AA66-X66 -> 666.25972 | AE66: Baseline trade unchanged.
A67: 63 | B67: 43640 | C67: 43643 | D67: TSL1PRE | E67: 7738.37 | F67: 7615.16 | G67: -0.01592 | H67: =SUM(T65:T66) -> 0.02731 | I67: =AND(A67>2,H67<=Assumptions!$B$7) -> FALSE | J67: 0.00045378973 | K67: 0.057964501 | L67: -0.00049100739 | M67: =J67>=Assumptions!$B$8 -> FALSE | N67: =AND(K67<>"",K67<=Assumptions!$B$9) -> FALSE | O67: =AND(P67<>"",ABS(L67)<=Assumptions!$B$10) -> TRUE | P67: 43641 | Q67: 7718.259 | R67: -0.01335 | S67: =IF(I67,"DAMAGE SKIP",IF(AND(M67,N67),IF(O67,"TUESDAY RE-ENTRY","GAP/MOM SKIP"),"BASELINE")) -> BASELINE | T67: =IF(I67,0,IF(AND(M67,N67),IF(O67,R67,0),G67)) -> -0.01592 | U67: =G67*Assumptions!$B$6 -> -0.179896 | V67: =T67*Assumptions!$B$6 -> -0.179896 | W67: =V67-U67 -> 0 | X67: =X66*(1+U67) -> 65.498038 | Y67: =MAX(Y66,X67) -> 309.63942 | Z67: =X67/Y67-1 -> -0.78846996 | AA67: =AA66*(1+V67) -> 611.9003 | AB67: =MAX(AB66,AA67) -> 746.12525 | AC67: =AA67/AB67-1 -> -0.179896 | AD67: =AA67-X67 -> 546.40226 | AE67: Baseline trade unchanged.
A68: 64 | B68: 43647 | C68: 43651 | D68: TSL4 | E68: 7811.059 | F68: 7779.8148 | G68: -0.004 | H68: =SUM(T66:T67) -> 0.01622 | I68: =AND(A68>2,H68<=Assumptions!$B$7) -> FALSE | J68: 0.017758189 | K68: 0.076116537 | L68: 0.013005997 | M68: =J68>=Assumptions!$B$8 -> TRUE | N68: =AND(K68<>"",K68<=Assumptions!$B$9) -> FALSE | O68: =AND(P68<>"",ABS(L68)<=Assumptions!$B$10) -> FALSE | P68: 43648 | Q68: 7761.469 | R68: 0.00236 | S68: =IF(I68,"DAMAGE SKIP",IF(AND(M68,N68),IF(O68,"TUESDAY RE-ENTRY","GAP/MOM SKIP"),"BASELINE")) -> BASELINE | T68: =IF(I68,0,IF(AND(M68,N68),IF(O68,R68,0),G68)) -> -0.004 | U68: =G68*Assumptions!$B$6 -> -0.0452 | V68: =T68*Assumptions!$B$6 -> -0.0452 | W68: =V68-U68 -> 0 | X68: =X67*(1+U68) -> 62.537527 | Y68: =MAX(Y67,X68) -> 309.63942 | Z68: =X68/Y68-1 -> -0.79803112 | AA68: =AA67*(1+V68) -> 584.24241 | AB68: =MAX(AB67,AA68) -> 746.12525 | AC68: =AA68/AB68-1 -> -0.2169647 | AD68: =AA68-X68 -> 521.70488 | AE68: Baseline trade unchanged.
A69: 65 | B69: 43654 | C69: 43658 | D69: TO | E69: 7791.36 | F69: 7943.47 | G69: 0.01952 | H69: =SUM(T67:T68) -> -0.01992 | I69: =AND(A69>2,H69<=Assumptions!$B$7) -> FALSE | J69: -0.0064017874 | K69: 0.078039608 | L69: -0.011828693 | M69: =J69>=Assumptions!$B$8 -> FALSE | N69: =AND(K69<>"",K69<=Assumptions!$B$9) -> FALSE | O69: =AND(P69<>"",ABS(L69)<=Assumptions!$B$10) -> FALSE | P69: 43655 | Q69: 7747.37 | R69: 0.02531 | S69: =IF(I69,"DAMAGE SKIP",IF(AND(M69,N69),IF(O69,"TUESDAY RE-ENTRY","GAP/MOM SKIP"),"BASELINE")) -> BASELINE | T69: =IF(I69,0,IF(AND(M69,N69),IF(O69,R69,0),G69)) -> 0.01952 | U69: =G69*Assumptions!$B$6 -> 0.220576 | V69: =T69*Assumptions!$B$6 -> 0.220576 | W69: =V69-U69 -> 0 | X69: =X68*(1+U69) -> 76.331804 | Y69: =MAX(Y68,X69) -> 309.63942 | Z69: =X69/Y69-1 -> -0.75348163 | AA69: =AA68*(1+V69) -> 713.11226 | AB69: =MAX(AB68,AA69) -> 746.12525 | AC69: =AA69/AB69-1 -> -0.044245907 | AD69: =AA69-X69 -> 636.78046 | AE69: Baseline trade unchanged.
A70: 66 | B70: 43661 | C70: 43663 | D70: BEPRE | E70: 7959.77 | F70: 7928.959 | G70: -0.00387 | H70: =SUM(T68:T69) -> 0.01552 | I70: =AND(A70>2,H70<=Assumptions!$B$7) -> FALSE | J70: 0.0020519999 | K70: 0.057609621 | L70: 0.0016787703 | M70: =J70>=Assumptions!$B$8 -> FALSE | N70: =AND(K70<>"",K70<=Assumptions!$B$9) -> FALSE | O70: =AND(P70<>"",ABS(L70)<=Assumptions!$B$10) -> TRUE | P70: 43662 | Q70: 7954.359 | R70: -0.00319 | S70: =IF(I70,"DAMAGE SKIP",IF(AND(M70,N70),IF(O70,"TUESDAY RE-ENTRY","GAP/MOM SKIP"),"BASELINE")) -> BASELINE | T70: =IF(I70,0,IF(AND(M70,N70),IF(O70,R70,0),G70)) -> -0.00387 | U70: =G70*Assumptions!$B$6 -> -0.043731 | V70: =T70*Assumptions!$B$6 -> -0.043731 | W70: =V70-U70 -> 0 | X70: =X69*(1+U70) -> 72.993738 | Y70: =MAX(Y69,X70) -> 309.63942 | Z70: =X70/Y70-1 -> -0.76426212 | AA70: =AA69*(1+V70) -> 681.92715 | AB70: =MAX(AB69,AA70) -> 746.12525 | AC70: =AA70/AB70-1 -> -0.086041989 | AD70: =AA70-X70 -> 608.93341 | AE70: Baseline trade unchanged.
A71: 67 | B71: 43668 | C71: 43672 | D71: TO | E71: 7859.96 | F71: 8013.259 | G71: 0.0195 | H71: =SUM(T69:T70) -> 0.01565 | I71: =AND(A71>2,H71<=Assumptions!$B$7) -> FALSE | J71: 0.0031256585 | K71: 0.013723535 | L71: 0.013537749 | M71: =J71>=Assumptions!$B$8 -> FALSE | N71: =AND(K71<>"",K71<=Assumptions!$B$9) -> FALSE | O71: =AND(P71<>"",ABS(L71)<=Assumptions!$B$10) -> FALSE | P71: 43669 | Q71: 7943.86 | R71: 0.00873 | S71: =IF(I71,"DAMAGE SKIP",IF(AND(M71,N71),IF(O71,"TUESDAY RE-ENTRY","GAP/MOM SKIP"),"BASELINE")) -> BASELINE | T71: =IF(I71,0,IF(AND(M71,N71),IF(O71,R71,0),G71)) -> 0.0195 | U71: =G71*Assumptions!$B$6 -> 0.22035 | V71: =T71*Assumptions!$B$6 -> 0.22035 | W71: =V71-U71 -> 0 | X71: =X70*(1+U71) -> 89.077908 | Y71: =MAX(Y70,X71) -> 309.63942 | Z71: =X71/Y71-1 -> -0.71231728 | AA71: =AA70*(1+V71) -> 832.1898 | AB71: =MAX(AB70,AA71) -> 832.1898 | AC71: =AA71/AB71-1 -> 0 | AD71: =AA71-X71 -> 743.11189 | AE71: Baseline trade unchanged.
A72: 68 | B72: 43675 | C72: 43677 | D72: BEPRE | E72: 8009.57 | F72: 7978.86 | G72: -0.00383 | H72: =SUM(T70:T71) -> 0.01563 | I72: =AND(A72>2,H72<=Assumptions!$B$7) -> FALSE | J72: -0.00046036201 | K72: 0.046975085 | L72: -0.01084345 | M72: =J72>=Assumptions!$B$8 -> FALSE | N72: =AND(K72<>"",K72<=Assumptions!$B$9) -> FALSE | O72: =AND(P72<>"",ABS(L72)<=Assumptions!$B$10) -> FALSE | P72: 43676 | Q72: 7925.47 | R72: 0.00673 | S72: =IF(I72,"DAMAGE SKIP",IF(AND(M72,N72),IF(O72,"TUESDAY RE-ENTRY","GAP/MOM SKIP"),"BASELINE")) -> BASELINE | T72: =IF(I72,0,IF(AND(M72,N72),IF(O72,R72,0),G72)) -> -0.00383 | U72: =G72*Assumptions!$B$6 -> -0.043279 | V72: =T72*Assumptions!$B$6 -> -0.043279 | W72: =V72-U72 -> 0 | X72: =X71*(1+U72) -> 85.222706 | Y72: =MAX(Y71,X72) -> 309.63942 | Z72: =X72/Y72-1 -> -0.7247679 | AA72: =AA71*(1+V72) -> 796.17346 | AB72: =MAX(AB71,AA72) -> 832.1898 | AC72: =AA72/AB72-1 -> -0.043279 | AD72: =AA72-X72 -> 710.95075 | AE72: Baseline trade unchanged.
A73: 69 | B73: 43682 | C73: 43686 | D73: TO | E73: 7530.559 | F73: 7646.66 | G73: 0.01541 | H73: =SUM(T71:T72) -> 0.01567 | I73: =AND(A73>2,H73<=Assumptions!$B$7) -> FALSE | J73: -0.020755198 | K73: -0.0193269 | L73: -0.026528226 | M73: =J73>=Assumptions!$B$8 -> FALSE | N73: =AND(K73<>"",K73<=Assumptions!$B$9) -> TRUE | O73: =AND(P73<>"",ABS(L73)<=Assumptions!$B$10) -> FALSE | P73: 43683 | Q73: 7482.659 | R73: 0.02191 | S73: =IF(I73,"DAMAGE SKIP",IF(AND(M73,N73),IF(O73,"TUESDAY RE-ENTRY","GAP/MOM SKIP"),"BASELINE")) -> BASELINE | T73: =IF(I73,0,IF(AND(M73,N73),IF(O73,R73,0),G73)) -> 0.01541 | U73: =G73*Assumptions!$B$6 -> 0.174133 | V73: =T73*Assumptions!$B$6 -> 0.174133 | W73: =V73-U73 -> 0 | X73: =X72*(1+U73) -> 100.06279 | Y73: =MAX(Y72,X73) -> 309.63942 | Z73: =X73/Y73-1 -> -0.67684091 | AA73: =AA72*(1+V73) -> 934.81353 | AB73: =MAX(AB72,AA73) -> 934.81353 | AC73: =AA73/AB73-1 -> 0 | AD73: =AA73-X73 -> 834.75074 | AE73: Baseline trade unchanged.
A74: 70 | B74: 43689 | C74: 43692 | D74: TSL1PRE | E74: 7602.37 | F74: 7465.659 | G74: -0.01798 | H74: =SUM(T72:T73) -> 0.01158 | I74: =AND(A74>2,H74<=Assumptions!$B$7) -> FALSE | J74: -0.0057920713 | K74: -0.036283964 | L74: -0.012049132 | M74: =J74>=Assumptions!$B$8 -> FALSE | N74: =AND(K74<>"",K74<=Assumptions!$B$9) -> TRUE | O74: =AND(P74<>"",ABS(L74)<=Assumptions!$B$10) -> FALSE | P74: 43690 | Q74: 7557.46 | R74: -0.01214 | S74: =IF(I74,"DAMAGE SKIP",IF(AND(M74,N74),IF(O74,"TUESDAY RE-ENTRY","GAP/MOM SKIP"),"BASELINE")) -> BASELINE | T74: =IF(I74,0,IF(AND(M74,N74),IF(O74,R74,0),G74)) -> -0.01798 | U74: =G74*Assumptions!$B$6 -> -0.203174 | V74: =T74*Assumptions!$B$6 -> -0.203174 | W74: =V74-U74 -> 0 | X74: =X73*(1+U74) -> 79.732633 | Y74: =MAX(Y73,X74) -> 309.63942 | Z74: =X74/Y74-1 -> -0.74249844 | AA74: =AA73*(1+V74) -> 744.88372 | AB74: =MAX(AB73,AA74) -> 934.81353 | AC74: =AA74/AB74-1 -> -0.203174 | AD74: =AA74-X74 -> 665.15109 | AE74: Baseline trade unchanged.
A75: 71 | B75: 43696 | C75: 43698 | D75: BEPRE | E75: 7705.759 | F75: 7675.059 | G75: -0.00398 | H75: =SUM(T73:T74) -> -0.00257 | I75: =AND(A75>2,H75<=Assumptions!$B$7) -> FALSE | J75: 0.014601983 | K75: -0.028874372 | L75: 0.01355972 | M75: =J75>=Assumptions!$B$8 -> TRUE | N75: =AND(K75<>"",K75<=Assumptions!$B$9) -> TRUE | O75: =AND(P75<>"",ABS(L75)<=Assumptions!$B$10) -> FALSE | P75: 43697 | Q75: 7705.97 | R75: -0.00401 | S75: =IF(I75,"DAMAGE SKIP",IF(AND(M75,N75),IF(O75,"TUESDAY RE-ENTRY","GAP/MOM SKIP"),"BASELINE")) -> GAP/MOM SKIP | T75: =IF(I75,0,IF(AND(M75,N75),IF(O75,R75,0),G75)) -> 0 | U75: =G75*Assumptions!$B$6 -> -0.044974 | V75: =T75*Assumptions!$B$6 -> 0 | W75: =V75-U75 -> 0.044974 | X75: =X74*(1+U75) -> 76.146738 | Y75: =MAX(Y74,X75) -> 309.63942 | Z75: =X75/Y75-1 -> -0.75407931 | AA75: =AA74*(1+V75) -> 744.88372 | AB75: =MAX(AB74,AA75) -> 934.81353 | AC75: =AA75/AB75-1 -> -0.203174 | AD75: =AA75-X75 -> 668.73699 | AE75: Monday entry skipped; Tuesday did not normalize within the Friday-based tolerance.
A76: 72 | B76: 43703 | C76: 43707 | D76: TO | E76: 7548.96 | F76: 7685.069 | G76: 0.01803 | H76: =SUM(T74:T75) -> -0.01798 | I76: =AND(A76>2,H76<=Assumptions!$B$7) -> FALSE | J76: 0.0096552388 | K76: -0.067633364 | L76: 0.022068549 | M76: =J76>=Assumptions!$B$8 -> FALSE | N76: =AND(K76<>"",K76<=Assumptions!$B$9) -> TRUE | O76: =AND(P76<>"",ABS(L76)<=Assumptions!$B$10) -> FALSE | P76: 43704 | Q76: 7626.659 | R76: 0.00765 | S76: =IF(I76,"DAMAGE SKIP",IF(AND(M76,N76),IF(O76,"TUESDAY RE-ENTRY","GAP/MOM SKIP"),"BASELINE")) -> BASELINE | T76: =IF(I76,0,IF(AND(M76,N76),IF(O76,R76,0),G76)) -> 0.01803 | U76: =G76*Assumptions!$B$6 -> 0.203739 | V76: =T76*Assumptions!$B$6 -> 0.203739 | W76: =V76-U76 -> 0 | X76: =X75*(1+U76) -> 91.660798 | Y76: =MAX(Y75,X76) -> 309.63942 | Z76: =X76/Y76-1 -> -0.70397568 | AA76: =AA75*(1+V76) -> 896.64559 | AB76: =MAX(AB75,AA76) -> 934.81353 | AC76: =AA76/AB76-1 -> -0.040829468 | AD76: =AA76-X76 -> 804.98479 | AE76: Baseline trade unchanged.
A77: 73 | B77: 43711 | C77: 43714 | D77: TO | E77: 7631.659 | F77: 7851.86 | G77: 0.02885 | H77: =SUM(T75:T76) -> 0.01803 | I77: =AND(A77>2,H77<=Assumptions!$B$7) -> FALSE | J77: -0.00694984 | K77: 0.00058729992 | M77: =J77>=Assumptions!$B$8 -> FALSE | N77: =AND(K77<>"",K77<=Assumptions!$B$9) -> FALSE | O77: =AND(P77<>"",ABS(L77)<=Assumptions!$B$10) -> FALSE | S77: =IF(I77,"DAMAGE SKIP",IF(AND(M77,N77),IF(O77,"TUESDAY RE-ENTRY","GAP/MOM SKIP"),"BASELINE")) -> BASELINE | T77: =IF(I77,0,IF(AND(M77,N77),IF(O77,R77,0),G77)) -> 0.02885 | U77: =G77*Assumptions!$B$6 -> 0.326005 | V77: =T77*Assumptions!$B$6 -> 0.326005 | W77: =V77-U77 -> 0 | X77: =X76*(1+U77) -> 121.54268 | Y77: =MAX(Y76,X77) -> 309.63942 | Z77: =X77/Y77-1 -> -0.60747027 | AA77: =AA76*(1+V77) -> 1188.9565 | AB77: =MAX(AB76,AA77) -> 1188.9565 | AC77: =AA77/AB77-1 -> 0 | AD77: =AA77-X77 -> 1067.4139 | AE77: Baseline trade unchanged.
A78: 74 | B78: 43717 | C78: 43719 | D78: BH | E78: 7874.759 | F78: 7843.26 | G78: -0.004 | H78: =SUM(T76:T77) -> 0.04688 | I78: =AND(A78>2,H78<=Assumptions!$B$7) -> FALSE | J78: 0.002916379 | K78: 0.017621631 | L78: -0.0073307904 | M78: =J78>=Assumptions!$B$8 -> FALSE | N78: =AND(K78<>"",K78<=Assumptions!$B$9) -> FALSE | O78: =AND(P78<>"",ABS(L78)<=Assumptions!$B$10) -> FALSE | P78: 43718 | Q78: 7791.87 | R78: 0.00659 | S78: =IF(I78,"DAMAGE SKIP",IF(AND(M78,N78),IF(O78,"TUESDAY RE-ENTRY","GAP/MOM SKIP"),"BASELINE")) -> BASELINE | T78: =IF(I78,0,IF(AND(M78,N78),IF(O78,R78,0),G78)) -> -0.004 | U78: =G78*Assumptions!$B$6 -> -0.0452 | V78: =T78*Assumptions!$B$6 -> -0.0452 | W78: =V78-U78 -> 0 | X78: =X77*(1+U78) -> 116.04895 | Y78: =MAX(Y77,X78) -> 309.63942 | Z78: =X78/Y78-1 -> -0.62521261 | AA78: =AA77*(1+V78) -> 1135.2157 | AB78: =MAX(AB77,AA78) -> 1188.9565 | AC78: =AA78/AB78-1 -> -0.0452 | AD78: =AA78-X78 -> 1019.1668 | AE78: Baseline trade unchanged.
A79: 75 | B79: 43724 | C79: 43728 | D79: TSL4 | E79: 7835.96 | F79: 7804.6162 | G79: -0.004 | H79: =SUM(T77:T78) -> 0.02485 | I79: =AND(A79>2,H79<=Assumptions!$B$7) -> FALSE | J79: -0.007296962 | K79: 0.054805893 | L79: -0.0044475592 | M79: =J79>=Assumptions!$B$8 -> FALSE | N79: =AND(K79<>"",K79<=Assumptions!$B$9) -> FALSE | O79: =AND(P79<>"",ABS(L79)<=Assumptions!$B$10) -> TRUE | P79: 43725 | Q79: 7852.869 | R79: -0.00614 | S79: =IF(I79,"DAMAGE SKIP",IF(AND(M79,N79),IF(O79,"TUESDAY RE-ENTRY","GAP/MOM SKIP"),"BASELINE")) -> BASELINE | T79: =IF(I79,0,IF(AND(M79,N79),IF(O79,R79,0),G79)) -> -0.004 | U79: =G79*Assumptions!$B$6 -> -0.0452 | V79: =T79*Assumptions!$B$6 -> -0.0452 | W79: =V79-U79 -> 0 | X79: =X78*(1+U79) -> 110.80354 | Y79: =MAX(Y78,X79) -> 309.63942 | Z79: =X79/Y79-1 -> -0.642153 | AA79: =AA78*(1+V79) -> 1083.9039 | AB79: =MAX(AB78,AA79) -> 1188.9565 | AC79: =AA79/AB79-1 -> -0.08835696 | AD79: =AA79-X79 -> 973.10041 | AE79: Baseline trade unchanged.
A80: 76 | B80: 43731 | C80: 43732 | D80: PREOH | E80: 7811.37 | F80: 7876.57 | G80: 0.00834 | H80: =SUM(T78:T79) -> -0.008 | I80: =AND(A80>2,H80<=Assumptions!$B$7) -> FALSE | J80: -0.00079308532 | K80: 0.014768072 | L80: 0.0049507913 | M80: =J80>=Assumptions!$B$8 -> FALSE | N80: =AND(K80<>"",K80<=Assumptions!$B$9) -> FALSE | O80: =AND(P80<>"",ABS(L80)<=Assumptions!$B$10) -> TRUE | P80: 43732 | Q80: 7854.57 | R80: 0.0028 | S80: =IF(I80,"DAMAGE SKIP",IF(AND(M80,N80),IF(O80,"TUESDAY RE-ENTRY","GAP/MOM SKIP"),"BASELINE")) -> BASELINE | T80: =IF(I80,0,IF(AND(M80,N80),IF(O80,R80,0),G80)) -> 0.00834 | U80: =G80*Assumptions!$B$6 -> 0.094242 | V80: =T80*Assumptions!$B$6 -> 0.094242 | W80: =V80-U80 -> 0 | X80: =X79*(1+U80) -> 121.24588 | Y80: =MAX(Y79,X80) -> 309.63942 | Z80: =X80/Y80-1 -> -0.60842879 | AA80: =AA79*(1+V80) -> 1186.0532 | AB80: =MAX(AB79,AA80) -> 1188.9565 | AC80: =AA80/AB80-1 -> -0.0024418966 | AD80: =AA80-X80 -> 1064.8073 | AE80: Baseline trade unchanged.
A81: 77 | B81: 43738 | C81: 43739 | D81: PREOH | E81: 7707.17 | F81: 7762.669 | G81: 0.0072 | H81: =SUM(T79:T80) -> 0.00434 | I81: =AND(A81>2,H81<=Assumptions!$B$7) -> FALSE | J81: 0.0025366597 | K81: -0.0028060872 | L81: 0.013394118 | M81: =J81>=Assumptions!$B$8 -> FALSE | N81: =AND(K81<>"",K81<=Assumptions!$B$9) -> FALSE | O81: =AND(P81<>"",ABS(L81)<=Assumptions!$B$10) -> FALSE | P81: 43739 | Q81: 7777.269 | R81: -0.00187 | S81: =IF(I81,"DAMAGE SKIP",IF(AND(M81,N81),IF(O81,"TUESDAY RE-ENTRY","GAP/MOM SKIP"),"BASELINE")) -> BASELINE | T81: =IF(I81,0,IF(AND(M81,N81),IF(O81,R81,0),G81)) -> 0.0072 | U81: =G81*Assumptions!$B$6 -> 0.08136 | V81: =T81*Assumptions!$B$6 -> 0.08136 | W81: =V81-U81 -> 0 | X81: =X80*(1+U81) -> 131.11045 | Y81: =MAX(Y80,X81) -> 309.63942 | Z81: =X81/Y81-1 -> -0.57657055 | AA81: =AA80*(1+V81) -> 1282.5505 | AB81: =MAX(AB80,AA81) -> 1282.5505 | AC81: =AA81/AB81-1 -> 0 | AD81: =AA81-X81 -> 1151.4401 | AE81: Baseline trade unchanged.
A82: 78 | B82: 43745 | C82: 43747 | D82: BEPRE | E82: 7722.46 | F82: 7693.66 | G82: -0.00372 | H82: =SUM(T80:T81) -> 0.01554 | I82: =AND(A82>2,H82<=Assumptions!$B$7) -> FALSE | J82: -0.0028922408 | K82: -0.012499729 | L82: -0.009601826 | M82: =J82>=Assumptions!$B$8 -> FALSE | N82: =AND(K82<>"",K82<=Assumptions!$B$9) -> TRUE | O82: =AND(P82<>"",ABS(L82)<=Assumptions!$B$10) -> FALSE | P82: 43746 | Q82: 7671.669 | R82: 0.00286 | S82: =IF(I82,"DAMAGE SKIP",IF(AND(M82,N82),IF(O82,"TUESDAY RE-ENTRY","GAP/MOM SKIP"),"BASELINE")) -> BASELINE | T82: =IF(I82,0,IF(AND(M82,N82),IF(O82,R82,0),G82)) -> -0.00372 | U82: =G82*Assumptions!$B$6 -> -0.042036 | V82: =T82*Assumptions!$B$6 -> -0.042036 | W82: =V82-U82 -> 0 | X82: =X81*(1+U82) -> 125.59909 | Y82: =MAX(Y81,X82) -> 309.63942 | Z82: =X82/Y82-1 -> -0.59436983 | AA82: =AA81*(1+V82) -> 1228.6372 | AB82: =MAX(AB81,AA82) -> 1282.5505 | AC82: =AA82/AB82-1 -> -0.042036 | AD82: =AA82-X82 -> 1103.0381 | AE82: Baseline trade unchanged.
A83: 79 | B83: 43752 | C83: 43756 | D83: TO | E83: 7828.77 | F83: 7866.459 | G83: 0.00481 | H83: =SUM(T81:T82) -> 0.00348 | I83: =AND(A83>2,H83<=Assumptions!$B$7) -> FALSE | J83: 0.00025693905 | K83: -0.0055527103 | L83: 0.0028677527 | M83: =J83>=Assumptions!$B$8 -> FALSE | N83: =AND(K83<>"",K83<=Assumptions!$B$9) -> TRUE | O83: =AND(P83<>"",ABS(L83)<=Assumptions!$B$10) -> TRUE | P83: 43753 | Q83: 7862.859 | R83: 0.00045 | S83: =IF(I83,"DAMAGE SKIP",IF(AND(M83,N83),IF(O83,"TUESDAY RE-ENTRY","GAP/MOM SKIP"),"BASELINE")) -> BASELINE | T83: =IF(I83,0,IF(AND(M83,N83),IF(O83,R83,0),G83)) -> 0.00481 | U83: =G83*Assumptions!$B$6 -> 0.054353 | V83: =T83*Assumptions!$B$6 -> 0.054353 | W83: =V83-U83 -> 0 | X83: =X82*(1+U83) -> 132.42578 | Y83: =MAX(Y82,X83) -> 309.63942 | Z83: =X83/Y83-1 -> -0.57232262 | AA83: =AA82*(1+V83) -> 1295.4173 | AB83: =MAX(AB82,AA83) -> 1295.4173 | AC83: =AA83/AB83-1 -> 0 | AD83: =AA83-X83 -> 1162.9916 | AE83: Baseline trade unchanged.
A84: 80 | B84: 43759 | C84: 43761 | D84: BH | E84: 7904.46 | F84: 7872.8422 | G84: -0.004 | H84: =SUM(T82:T83) -> 0.00109 | I84: =AND(A84>2,H84<=Assumptions!$B$7) -> FALSE | J84: 0.0048307631 | K84: 0.0066645268 | L84: 0.012392317 | M84: =J84>=Assumptions!$B$8 -> FALSE | N84: =AND(K84<>"",K84<=Assumptions!$B$9) -> FALSE | O84: =AND(P84<>"",ABS(L84)<=Assumptions!$B$10) -> FALSE | P84: 43760 | Q84: 7961.859 | R84: -0.01118 | S84: =IF(I84,"DAMAGE SKIP",IF(AND(M84,N84),IF(O84,"TUESDAY RE-ENTRY","GAP/MOM SKIP"),"BASELINE")) -> BASELINE | T84: =IF(I84,0,IF(AND(M84,N84),IF(O84,R84,0),G84)) -> -0.004 | U84: =G84*Assumptions!$B$6 -> -0.0452 | V84: =T84*Assumptions!$B$6 -> -0.0452 | W84: =V84-U84 -> 0 | X84: =X83*(1+U84) -> 126.44013 | Y84: =MAX(Y83,X84) -> 309.63942 | Z84: =X84/Y84-1 -> -0.59165363 | AA84: =AA83*(1+V84) -> 1236.8645 | AB84: =MAX(AB83,AA84) -> 1295.4173 | AC84: =AA84/AB84-1 -> -0.0452 | AD84: =AA84-X84 -> 1110.4243 | AE84: Baseline trade unchanged.
A85: 81 | B85: 43766 | C85: 43770 | D85: TO | E85: 8065.459 | F85: 8159.67 | G85: 0.01168 | H85: =SUM(T83:T84) -> 0.00081 | I85: =AND(A85>2,H85<=Assumptions!$B$7) -> FALSE | J85: 0.0046948281 | K85: 0.046031896 | L85: 0.0082610929 | M85: =J85>=Assumptions!$B$8 -> FALSE | N85: =AND(K85<>"",K85<=Assumptions!$B$9) -> FALSE | O85: =AND(P85<>"",ABS(L85)<=Assumptions!$B$10) -> FALSE | P85: 43767 | Q85: 8093.359 | R85: 0.00819 | S85: =IF(I85,"DAMAGE SKIP",IF(AND(M85,N85),IF(O85,"TUESDAY RE-ENTRY","GAP/MOM SKIP"),"BASELINE")) -> BASELINE | T85: =IF(I85,0,IF(AND(M85,N85),IF(O85,R85,0),G85)) -> 0.01168 | U85: =G85*Assumptions!$B$6 -> 0.131984 | V85: =T85*Assumptions!$B$6 -> 0.131984 | W85: =V85-U85 -> 0 | X85: =X84*(1+U85) -> 143.1282 | Y85: =MAX(Y84,X85) -> 309.63942 | Z85: =X85/Y85-1 -> -0.53775845 | AA85: =AA84*(1+V85) -> 1400.1108 | AB85: =MAX(AB84,AA85) -> 1400.1108 | AC85: =AA85/AB85-1 -> 0 | AD85: =AA85-X85 -> 1256.9826 | AE85: Baseline trade unchanged.
A86: 82 | B86: 43773 | C86: 43776 | D86: TSL1PRE | E86: 8214.37 | F86: 8181.27 | G86: -0.00402 | H86: =SUM(T84:T85) -> 0.00768 | I86: =AND(A86>2,H86<=Assumptions!$B$7) -> FALSE | J86: 0.0067037025 | K86: 0.053210576 | L86: 0.0074600818 | M86: =J86>=Assumptions!$B$8 -> FALSE | N86: =AND(K86<>"",K86<=Assumptions!$B$9) -> FALSE | O86: =AND(P86<>"",ABS(L86)<=Assumptions!$B$10) -> FALSE | P86: 43774 | Q86: 8222.559 | R86: -0.00502 | S86: =IF(I86,"DAMAGE SKIP",IF(AND(M86,N86),IF(O86,"TUESDAY RE-ENTRY","GAP/MOM SKIP"),"BASELINE")) -> BASELINE | T86: =IF(I86,0,IF(AND(M86,N86),IF(O86,R86,0),G86)) -> -0.00402 | U86: =G86*Assumptions!$B$6 -> -0.045426 | V86: =T86*Assumptions!$B$6 -> -0.045426 | W86: =V86-U86 -> 0 | X86: =X85*(1+U86) -> 136.62646 | Y86: =MAX(Y85,X86) -> 309.63942 | Z86: =X86/Y86-1 -> -0.55875623 | AA86: =AA85*(1+V86) -> 1336.5094 | AB86: =MAX(AB85,AA86) -> 1400.1108 | AC86: =AA86/AB86-1 -> -0.045426 | AD86: =AA86-X86 -> 1199.8829 | AE86: Baseline trade unchanged.
A87: 83 | B87: 43780 | C87: 43784 | D87: TO | E87: 8211.86 | F87: 8312.559 | G87: 0.01226 | H87: =SUM(T85:T86) -> 0.00766 | I87: =AND(A87>2,H87<=Assumptions!$B$7) -> FALSE | J87: -0.0051728984 | K87: 0.05302903 | L87: -0.00048906804 | M87: =J87>=Assumptions!$B$8 -> FALSE | N87: =AND(K87<>"",K87<=Assumptions!$B$9) -> FALSE | O87: =AND(P87<>"",ABS(L87)<=Assumptions!$B$10) -> TRUE | P87: 43781 | Q87: 8247.359 | R87: 0.0079 | S87: =IF(I87,"DAMAGE SKIP",IF(AND(M87,N87),IF(O87,"TUESDAY RE-ENTRY","GAP/MOM SKIP"),"BASELINE")) -> BASELINE | T87: =IF(I87,0,IF(AND(M87,N87),IF(O87,R87,0),G87)) -> 0.01226 | U87: =G87*Assumptions!$B$6 -> 0.138538 | V87: =T87*Assumptions!$B$6 -> 0.138538 | W87: =V87-U87 -> 0 | X87: =X86*(1+U87) -> 155.55442 | Y87: =MAX(Y86,X87) -> 309.63942 | Z87: =X87/Y87-1 -> -0.4976272 | AA87: =AA86*(1+V87) -> 1521.6667 | AB87: =MAX(AB86,AA87) -> 1521.6667 | AC87: =AA87/AB87-1 -> 0 | AD87: =AA87-X87 -> 1366.1123 | AE87: Baseline trade unchanged.
A88: 84 | B88: 43787 | C88: 43790 | D88: TSL1PRE | E88: 8306.359 | F88: 8234.359 | G88: -0.00866 | H88: =SUM(T86:T87) -> 0.00824 | I88: =AND(A88>2,H88<=Assumptions!$B$7) -> FALSE | J88: -0.00074585937 | K88: 0.058648681 | L88: 0.0044056237 | M88: =J88>=Assumptions!$B$8 -> FALSE | N88: =AND(K88<>"",K88<=Assumptions!$B$9) -> FALSE | O88: =AND(P88<>"",ABS(L88)<=Assumptions!$B$10) -> TRUE | P88: 43788 | Q88: 8357.06 | R88: -0.01468 | S88: =IF(I88,"DAMAGE SKIP",IF(AND(M88,N88),IF(O88,"TUESDAY RE-ENTRY","GAP/MOM SKIP"),"BASELINE")) -> BASELINE | T88: =IF(I88,0,IF(AND(M88,N88),IF(O88,R88,0),G88)) -> -0.00866 | U88: =G88*Assumptions!$B$6 -> -0.097858 | V88: =T88*Assumptions!$B$6 -> -0.097858 | W88: =V88-U88 -> 0 | X88: =X87*(1+U88) -> 140.33218 | Y88: =MAX(Y87,X88) -> 309.63942 | Z88: =X88/Y88-1 -> -0.5467884 | AA88: =AA87*(1+V88) -> 1372.7594 | AB88: =MAX(AB87,AA88) -> 1521.6667 | AC88: =AA88/AB88-1 -> -0.097858 | AD88: =AA88-X88 -> 1232.4273 | AE88: Baseline trade unchanged.
A89: 85 | B89: 43794 | C89: 43794 | D89: CH | E89: 8305.27 | F89: 8367.97 | G89: 0.00754 | H89: =SUM(T87:T88) -> 0.0036 | I89: =AND(A89>2,H89<=Assumptions!$B$7) -> FALSE | J89: 0.0037841614 | K89: 0.03177873 | L89: 0.012220409 | M89: =J89>=Assumptions!$B$8 -> FALSE | N89: =AND(K89<>"",K89<=Assumptions!$B$9) -> FALSE | O89: =AND(P89<>"",ABS(L89)<=Assumptions!$B$10) -> FALSE | P89: 43795 | Q89: 8374.069 | R89: -0.00072 | S89: =IF(I89,"DAMAGE SKIP",IF(AND(M89,N89),IF(O89,"TUESDAY RE-ENTRY","GAP/MOM SKIP"),"BASELINE")) -> BASELINE | T89: =IF(I89,0,IF(AND(M89,N89),IF(O89,R89,0),G89)) -> 0.00754 | U89: =G89*Assumptions!$B$6 -> 0.085202 | V89: =T89*Assumptions!$B$6 -> 0.085202 | W89: =V89-U89 -> 0 | X89: =X88*(1+U89) -> 152.28876 | Y89: =MAX(Y88,X89) -> 309.63942 | Z89: =X89/Y89-1 -> -0.50817386 | AA89: =AA88*(1+V89) -> 1489.7213 | AB89: =MAX(AB88,AA89) -> 1521.6667 | AC89: =AA89/AB89-1 -> -0.020993697 | AD89: =AA89-X89 -> 1337.4325 | AE89: Baseline trade unchanged.
... A96: 92 | B96: 43843 | C96: 43843 | D96: CH | E96: 9000 | F96: 9066.87 | G96: 0.00743 | H96: =SUM(T94:T95) -> 0.01323 | I96: =AND(A96>2,H96<=Assumptions!$B$7) -> FALSE | J96: 0.0039511054 | K96: 0.067973334 | L96: 0.010572345 | M96: =J96>=Assumptions!$B$8 -> FALSE | N96: =AND(K96<>"",K96<=Assumptions!$B$9) -> FALSE | O96: =AND(P96<>"",ABS(L96)<=Assumptions!$B$10) -> FALSE | P96: 43844 | Q96: 9060.08 | R96: 0.00074 | S96: =IF(I96,"DAMAGE SKIP",IF(AND(M96,N96),IF(O96,"TUESDAY RE-ENTRY","GAP/MOM SKIP"),"BASELINE")) -> BASELINE | T96: =IF(I96,0,IF(AND(M96,N96),IF(O96,R96,0),G96)) -> 0.00743 | U96: =G96*Assumptions!$B$6 -> 0.083959 | V96: =T96*Assumptions!$B$6 -> 0.083959 | W96: =V96-U96 -> 0 | X96: =X95*(1+U96) -> 235.17237 | Y96: =MAX(Y95,X96) -> 309.63942 | Z96: =X96/Y96-1 -> -0.240496 | AA96: =AA95*(1+V96) -> 2300.5066 | AB96: =MAX(AB95,AA96) -> 2300.5066 | AC96: =AA96/AB96-1 -> 0 | AD96: =AA96-X96 -> 2065.3342 | AE96: Baseline trade unchanged.
A97: 93 | B97: 43851 | C97: 43854 | D97: TSL4 | E97: 9140.49 | F97: 9103.928 | G97: -0.004 | H97: =SUM(T95:T96) -> 0.02205 | I97: =AND(A97>2,H97<=Assumptions!$B$7) -> FALSE | J97: -0.0031583137 | K97: 0.068277321 | M97: =J97>=Assumptions!$B$8 -> FALSE | N97: =AND(K97<>"",K97<=Assumptions!$B$9) -> FALSE | O97: =AND(P97<>"",ABS(L97)<=Assumptions!$B$10) -> FALSE | S97: =IF(I97,"DAMAGE SKIP",IF(AND(M97,N97),IF(O97,"TUESDAY RE-ENTRY","GAP/MOM SKIP"),"BASELINE")) -> BASELINE | T97: =IF(I97,0,IF(AND(M97,N97),IF(O97,R97,0),G97)) -> -0.004 | U97: =G97*Assumptions!$B$6 -> -0.0452 | V97: =T97*Assumptions!$B$6 -> -0.0452 | W97: =V97-U97 -> 0 | X97: =X96*(1+U97) -> 224.54258 | Y97: =MAX(Y96,X97) -> 309.63942 | Z97: =X97/Y97-1 -> -0.27482559 | AA97: =AA96*(1+V97) -> 2196.5237 | AB97: =MAX(AB96,AA97) -> 2300.5066 | AC97: =AA97/AB97-1 -> -0.0452 | AD97: =AA97-X97 -> 1971.9811 | AE97: Baseline trade unchanged.
A98: 94 | B98: 43857 | C98: 43861 | D98: TO | E98: 8935.59 | F98: 8994.3 | G98: 0.00657 | H98: =SUM(T96:T97) -> 0.00343 | I98: =AND(A98>2,H98<=Assumptions!$B$7) -> FALSE | J98: -0.022441339 | K98: 0.050918812 | L98: -0.013920931 | M98: =J98>=Assumptions!$B$8 -> FALSE | N98: =AND(K98<>"",K98<=Assumptions!$B$9) -> FALSE | O98: =AND(P98<>"",ABS(L98)<=Assumptions!$B$10) -> FALSE | P98: 43858 | Q98: 9013.56 | R98: -0.00213 | S98: =IF(I98,"DAMAGE SKIP",IF(AND(M98,N98),IF(O98,"TUESDAY RE-ENTRY","GAP/MOM SKIP"),"BASELINE")) -> BASELINE | T98: =IF(I98,0,IF(AND(M98,N98),IF(O98,R98,0),G98)) -> 0.00657 | U98: =G98*Assumptions!$B$6 -> 0.074241 | V98: =T98*Assumptions!$B$6 -> 0.074241 | W98: =V98-U98 -> 0 | X98: =X97*(1+U98) -> 241.21285 | Y98: =MAX(Y97,X98) -> 309.63942 | Z98: =X98/Y98-1 -> -0.22098791 | AA98: =AA97*(1+V98) -> 2359.5958 | AB98: =MAX(AB97,AA98) -> 2359.5958 | AC98: =AA98/AB98-1 -> 0 | AD98: =AA98-X98 -> 2118.383 | AE98: Baseline trade unchanged.
A99: 95 | B99: 43864 | C99: 43864 | D99: CH | E99: 9033.63 | F99: 9122.08 | G99: 0.00979 | H99: =SUM(T97:T98) -> 0.00257 | I99: =AND(A99>2,H99<=Assumptions!$B$7) -> FALSE | J99: 0.0043727694 | K99: 0.013456453 | L99: 0.028867614 | M99: =J99>=Assumptions!$B$8 -> FALSE | N99: =AND(K99<>"",K99<=Assumptions!$B$9) -> FALSE | O99: =AND(P99<>"",ABS(L99)<=Assumptions!$B$10) -> FALSE | P99: 43865 | Q99: 9249.45 | R99: -0.01377 | S99: =IF(I99,"DAMAGE SKIP",IF(AND(M99,N99),IF(O99,"TUESDAY RE-ENTRY","GAP/MOM SKIP"),"BASELINE")) -> BASELINE | T99: =IF(I99,0,IF(AND(M99,N99),IF(O99,R99,0),G99)) -> 0.00979 | U99: =G99*Assumptions!$B$6 -> 0.110627 | V99: =T99*Assumptions!$B$6 -> 0.110627 | W99: =V99-U99 -> 0 | X99: =X98*(1+U99) -> 267.8975 | Y99: =MAX(Y98,X99) -> 309.63942 | Z99: =X99/Y99-1 -> -0.13480814 | AA99: =AA98*(1+V99) -> 2620.6308 | AB99: =MAX(AB98,AA99) -> 2620.6308 | AC99: =AA99/AB99-1 -> 0 | AD99: =AA99-X99 -> 2352.7333 | AE99: Baseline trade unchanged.
A100: 96 | B100: 43871 | C100: 43871 | D100: CH | E100: 9369.98 | F100: 9511.62 | G100: 0.01511 | H100: =SUM(T98:T99) -> 0.01636 | I100: =AND(A100>2,H100<=Assumptions!$B$7) -> FALSE | J100: -0.0028934243 | K100: 0.046555647 | L100: 0.017553909 | M100: =J100>=Assumptions!$B$8 -> FALSE | N100: =AND(K100<>"",K100<=Assumptions!$B$9) -> FALSE | O100: =AND(P100<>"",ABS(L100)<=Assumptions!$B$10) -> FALSE | P100: 43872 | Q100: 9566.11 | R100: -0.00569 | S100: =IF(I100,"DAMAGE SKIP",IF(AND(M100,N100),IF(O100,"TUESDAY RE-ENTRY","GAP/MOM SKIP"),"BASELINE")) -> BASELINE | T100: =IF(I100,0,IF(AND(M100,N100),IF(O100,R100,0),G100)) -> 0.01511 | U100: =G100*Assumptions!$B$6 -> 0.170743 | V100: =T100*Assumptions!$B$6 -> 0.170743 | W100: =V100-U100 -> 0 | X100: =X99*(1+U100) -> 313.63913 | Y100: =MAX(Y99,X100) -> 313.63913 | Z100: =X100/Y100-1 -> 0 | AA100: =AA99*(1+V100) -> 3068.0852 | AB100: =MAX(AB99,AA100) -> 3068.0852 | AC100: =AA100/AB100-1 -> 0 | AD100: =AA100-X100 -> 2754.4461 | AE100: Baseline trade unchanged.
A101: 97 | B101: 43879 | C101: 43880 | D101: PREOH | E101: 9573.79 | F101: 9647.78 | G101: 0.00772 | H101: =SUM(T99:T100) -> 0.0249 | I101: =AND(A101>2,H101<=Assumptions!$B$7) -> FALSE | J101: -0.004824224 | K101: 0.055624279 | M101: =J101>=Assumptions!$B$8 -> FALSE | N101: =AND(K101<>"",K101<=Assumptions!$B$9) -> FALSE | O101: =AND(P101<>"",ABS(L101)<=Assumptions!$B$10) -> FALSE | S101: =IF(I101,"DAMAGE SKIP",IF(AND(M101,N101),IF(O101,"TUESDAY RE-ENTRY","GAP/MOM SKIP"),"BASELINE")) -> BASELINE | T101: =IF(I101,0,IF(AND(M101,N101),IF(O101,R101,0),G101)) -> 0.00772 | U101: =G101*Assumptions!$B$6 -> 0.087236 | V101: =T101*Assumptions!$B$6 -> 0.087236 | W101: =V101-U101 -> 0 | X101: =X100*(1+U101) -> 340.99975 | Y101: =MAX(Y100,X101) -> 340.99975 | Z101: =X101/Y101-1 -> 0 | AA101: =AA100*(1+V101) -> 3335.7327 | AB101: =MAX(AB100,AA101) -> 3335.7327 | AC101: =AA101/AB101-1 -> 0 | AD101: =AA101-X101 -> 2994.7329 | AE101: Baseline trade unchanged.
A102: 98 | B102: 43885 | C102: 43886 | D102: PREOH | E102: 9093.15 | F102: 9174.86 | G102: 0.00898 | H102: =SUM(T100:T101) -> 0.02283 | I102: =AND(A102>2,H102<=Assumptions!$B$7) -> FALSE | J102: -0.037878988 | K102: 0.025268565 | L102: -0.030719711 | M102: =J102>=Assumptions!$B$8 -> FALSE | N102: =AND(K102<>"",K102<=Assumptions!$B$9) -> FALSE | O102: =AND(P102<>"",ABS(L102)<=Assumptions!$B$10) -> FALSE | P102: 43886 | Q102: 9150.64 | R102: 0.00264 | S102: =IF(I102,"DAMAGE SKIP",IF(AND(M102,N102),IF(O102,"TUESDAY RE-ENTRY","GAP/MOM SKIP"),"BASELINE")) -> BASELINE | T102: =IF(I102,0,IF(AND(M102,N102),IF(O102,R102,0),G102)) -> 0.00898 | U102: =G102*Assumptions!$B$6 -> 0.101474 | V102: =T102*Assumptions!$B$6 -> 0.101474 | W102: =V102-U102 -> 0 | X102: =X101*(1+U102) -> 375.60236 | Y102: =MAX(Y101,X102) -> 375.60236 | Z102: =X102/Y102-1 -> 0 | AA102: =AA101*(1+V102) -> 3674.2228 | AB102: =MAX(AB101,AA102) -> 3674.2228 | AC102: =AA102/AB102-1 -> 0 | AD102: =AA102-X102 -> 3298.6205 | AE102: Baseline trade unchanged.
A103: 99 | B103: 43892 | C103: 43892 | D103: CH | E103: 8559.29 | F103: 8870.82 | G103: 0.03639 | H103: =SUM(T101:T102) -> 0.0167 | I103: =AND(A103>2,H103<=Assumptions!$B$7) -> FALSE | J103: 0.010849822 | K103: -0.075440593 | L103: 0.05490984 | M103: =J103>=Assumptions!$B$8 -> TRUE | N103: =AND(K103<>"",K103<=Assumptions!$B$9) -> TRUE | O103: =AND(P103<>"",ABS(L103)<=Assumptions!$B$10) -> FALSE | P103: 43893 | Q103: 8900 | R103: -0.00327 | S103: =IF(I103,"DAMAGE SKIP",IF(AND(M103,N103),IF(O103,"TUESDAY RE-ENTRY","GAP/MOM SKIP"),"BASELINE")) -> GAP/MOM SKIP | T103: =IF(I103,0,IF(AND(M103,N103),IF(O103,R103,0),G103)) -> 0 | U103: =G103*Assumptions!$B$6 -> 0.411207 | V103: =T103*Assumptions!$B$6 -> 0 | W103: =V103-U103 -> -0.411207 | X103: =X102*(1+U103) -> 530.05267 | Y103: =MAX(Y102,X103) -> 530.05267 | Z103: =X103/Y103-1 -> 0 | AA103: =AA102*(1+V103) -> 3674.2228 | AB103: =MAX(AB102,AA103) -> 3674.2228 | AC103: =AA103/AB103-1 -> 0 | AD103: =AA103-X103 -> 3144.1701 | AE103: Monday entry skipped; Tuesday did not normalize within the Friday-based tolerance.
A104: 100 | B104: 43913 | C104: 43914 | D104: PREOH | E104: 7011.51 | F104: 7083.05 | G104: 0.0102 | H104: =SUM(T102:T103) -> 0.00898 | I104: =AND(A104>2,H104<=Assumptions!$B$7) -> FALSE | J104: -0.1765251 | K104: -0.096291074 | L104: -0.13318127 | M104: =J104>=Assumptions!$B$8 -> FALSE | N104: =AND(K104<>"",K104<=Assumptions!$B$9) -> TRUE | O104: =AND(P104<>"",ABS(L104)<=Assumptions!$B$10) -> FALSE | P104: 43914 | Q104: 7355.34 | R104: -0.03701 | S104: =IF(I104,"DAMAGE SKIP",IF(AND(M104,N104),IF(O104,"TUESDAY RE-ENTRY","GAP/MOM SKIP"),"BASELINE")) -> BASELINE | T104: =IF(I104,0,IF(AND(M104,N104),IF(O104,R104,0),G104)) -> 0.0102 | U104: =G104*Assumptions!$B$6 -> 0.11526 | V104: =T104*Assumptions!$B$6 -> 0.11526 | W104: =V104-U104 -> 0 | X104: =X103*(1+U104) -> 591.14655 | Y104: =MAX(Y103,X104) -> 591.14655 | Z104: =X104/Y104-1 -> 0 | AA104: =AA103*(1+V104) -> 4097.7137 | AB104: =MAX(AB103,AA104) -> 4097.7137 | AC104: =AA104/AB104-1 -> 0 | AD104: =AA104-X104 -> 3506.5672 | AE104: Baseline trade unchanged.
A105: 101 | B105: 43920 | C105: 43920 | D105: CH | E105: 7678.92 | F105: 7874.7 | G105: 0.02549 | H105: =SUM(T103:T104) -> 0.0102 | I105: =AND(A105>2,H105<=Assumptions!$B$7) -> FALSE | J105: 0.010775221 | K105: -0.20616316 | L105: 0.033559475 | M105: =J105>=Assumptions!$B$8 -> TRUE | N105: =AND(K105<>"",K105<=Assumptions!$B$9) -> TRUE | O105: =AND(P105<>"",ABS(L105)<=Assumptions!$B$10) -> FALSE | P105: 43921 | Q105: 7860.8 | R105: 0.00176 | S105: =IF(I105,"DAMAGE SKIP",IF(AND(M105,N105),IF(O105,"TUESDAY RE-ENTRY","GAP/MOM SKIP"),"BASELINE")) -> GAP/MOM SKIP | T105: =IF(I105,0,IF(AND(M105,N105),IF(O105,R105,0),G105)) -> 0 | U105: =G105*Assumptions!$B$6 -> 0.288037 | V105: =T105*Assumptions!$B$6 -> 0 | W105: =V105-U105 -> -0.288037 | X105: =X104*(1+U105) -> 761.41862 | Y105: =MAX(Y104,X105) -> 761.41862 | Z105: =X105/Y105-1 -> 0 | AA105: =AA104*(1+V105) -> 4097.7137 | AB105: =MAX(AB104,AA105) -> 4097.7137 | AC105: =AA105/AB105-1 -> 0 | AD105: =AA105-X105 -> 3336.2951 | AE105: Monday entry skipped; Tuesday did not normalize within the Friday-based tolerance.
A106: 102 | B106: 43927 | C106: 43927 | D106: CH | E106: 7813.69 | F106: 8031.7 | G106: 0.0279 | H106: =SUM(T104:T105) -> 0.0102 | I106: =AND(A106>2,H106<=Assumptions!$B$7) -> FALSE | J106: 0.037634673 | K106: -0.20187559 | L106: 0.10245968 | M106: =J106>=Assumptions!$B$8 -> TRUE | N106: =AND(K106<>"",K106<=Assumptions!$B$9) -> TRUE | O106: =AND(P106<>"",ABS(L106)<=Assumptions!$B$10) -> FALSE | P106: 43928 | Q106: 8291.63 | R106: -0.03134 | S106: =IF(I106,"DAMAGE SKIP",IF(AND(M106,N106),IF(O106,"TUESDAY RE-ENTRY","GAP/MOM SKIP"),"BASELINE")) -> GAP/MOM SKIP | T106: =IF(I106,0,IF(AND(M106,N106),IF(O106,R106,0),G106)) -> 0 | U106: =G106*Assumptions!$B$6 -> 0.31527 | V106: =T106*Assumptions!$B$6 -> 0 | W106: =V106-U106 -> -0.31527 | X106: =X105*(1+U106) -> 1001.4711 | Y106: =MAX(Y105,X106) -> 1001.4711 | Z106: =X106/Y106-1 -> 0 | AA106: =AA105*(1+V106) -> 4097.7137 | AB106: =MAX(AB105,AA106) -> 4097.7137 | AC106: =AA106/AB106-1 -> 0 | AD106: =AA106-X106 -> 3096.2427 | AE106: Monday entry skipped; Tuesday did not normalize within the Friday-based tolerance.
A107: 103 | B107: 43934 | C107: 43934 | D107: CH | E107: 8201.06 | F107: 8335.26 | G107: 0.01636 | H107: =SUM(T105:T106) -> 0 | I107: =AND(A107>2,H107<=Assumptions!$B$7) -> FALSE | J107: -0.0036156786 | K107: -0.020986649 | L107: 0.031351246 | M107: =J107>=Assumptions!$B$8 -> FALSE | N107: =AND(K107<>"",K107<=Assumptions!$B$9) -> TRUE | O107: =AND(P107<>"",ABS(L107)<=Assumptions!$B$10) -> FALSE | P107: 43935 | Q107: 8498.46 | R107: -0.0192 | S107: =IF(I107,"DAMAGE SKIP",IF(AND(M107,N107),IF(O107,"TUESDAY RE-ENTRY","GAP/MOM SKIP"),"BASELINE")) -> BASELINE | T107: =IF(I107,0,IF(AND(M107,N107),IF(O107,R107,0),G107)) -> 0.01636 | U107: =G107*Assumptions!$B$6 -> 0.184868 | V107: =T107*Assumptions!$B$6 -> 0.184868 | W107: =V107-U107 -> 0 | X107: =X106*(1+U107) -> 1186.611 | Y107: =MAX(Y106,X107) -> 1186.611 | Z107: =X107/Y107-1 -> 0 | AA107: =AA106*(1+V107) -> 4855.2499 | AB107: =MAX(AB106,AA107) -> 4855.2499 | AC107: =AA107/AB107-1 -> 0 | AD107: =AA107-X107 -> 3668.6389 | AE107: Baseline trade unchanged.
A108: 104 | B108: 43941 | C108: 43944 | D108: TSL1PRE | E108: 8747.21 | F108: 8647.37 | G108: -0.01141 | H108: =SUM(T106:T107) -> 0.01636 | I108: =AND(A108>2,H108<=Assumptions!$B$7) -> FALSE | J108: -0.0078129874 | K108: 0.019884892 | L108: -0.021748711 | M108: =J108>=Assumptions!$B$8 -> FALSE | N108: =AND(K108<>"",K108<=Assumptions!$B$9) -> FALSE | O108: =AND(P108<>"",ABS(L108)<=Assumptions!$B$10) -> FALSE | P108: 43942 | Q108: 8641.4 | R108: 0.00069 | S108: =IF(I108,"DAMAGE SKIP",IF(AND(M108,N108),IF(O108,"TUESDAY RE-ENTRY","GAP/MOM SKIP"),"BASELINE")) -> BASELINE | T108: =IF(I108,0,IF(AND(M108,N108),IF(O108,R108,0),G108)) -> -0.01141 | U108: =G108*Assumptions!$B$6 -> -0.128933 | V108: =T108*Assumptions!$B$6 -> -0.128933 | W108: =V108-U108 -> 0 | X108: =X107*(1+U108) -> 1033.6177 | Y108: =MAX(Y107,X108) -> 1186.611 | Z108: =X108/Y108-1 -> -0.128933 | AA108: =AA107*(1+V108) -> 4229.2479 | AB108: =MAX(AB107,AA108) -> 4855.2499 | AC108: =AA108/AB108-1 -> -0.128933 | AD108: =AA108-X108 -> 3195.6302 | AE108: Baseline trade unchanged.
...

Sheet Changed Snapshot
A1: Changed-trade snapshot | B1: Changed-trade snapshot | C1: Changed-trade snapshot | D1: Changed-trade snapshot | E1: Changed-trade snapshot | F1: Changed-trade snapshot | G1: Changed-trade snapshot | H1: Changed-trade snapshot | I1: Changed-trade snapshot | J1: Changed-trade snapshot | K1: Changed-trade snapshot | L1: Changed-trade snapshot
A2: Changed-trade snapshot | B2: Changed-trade snapshot | C2: Changed-trade snapshot | D2: Changed-trade snapshot | E2: Changed-trade snapshot | F2: Changed-trade snapshot | G2: Changed-trade snapshot | H2: Changed-trade snapshot | I2: Changed-trade snapshot | J2: Changed-trade snapshot | K2: Changed-trade snapshot | L2: Changed-trade snapshot
A3: Snapshot membership reflects the stated assumptions. Values remain linked to All Trades. | B3: Snapshot membership reflects the stated assumptions. Values remain linked to All Trades. | C3: Snapshot membership reflects the stated assumptions. Values remain linked to All Trades. | D3: Snapshot membership reflects the stated assumptions. Values remain linked to All Trades. | E3: Snapshot membership reflects the stated assumptions. Values remain linked to All Trades. | F3: Snapshot membership reflects the stated assumptions. Values remain linked to All Trades. | G3: Snapshot membership reflects the stated assumptions. Values remain linked to All Trades. | H3: Snapshot membership reflects the stated assumptions. Values remain linked to All Trades. | I3: Snapshot membership reflects the stated assumptions. Values remain linked to All Trades. | J3: Snapshot membership reflects the stated assumptions. Values remain linked to All Trades. | K3: Snapshot membership reflects the stated assumptions. Values remain linked to All Trades. | L3: Snapshot membership reflects the stated assumptions. Values remain linked to All Trades.
A4: Trade # | B4: Open date | C4: Close date | D4: Exit reason | E4: Baseline raw | F4: Rule action | G4: Rule raw | H4: 11.3x difference | I4: Cash-open gap | J4: Momentum 20d | K4: Tuesday vs Friday | L4: Notes
A5: ='All Trades'!A8 -> 4 | B5: ='All Trades'!B8 -> 43227 | C5: ='All Trades'!C8 -> 43231 | D5: ='All Trades'!D8 -> TO | E5: ='All Trades'!G8 -> 0.02286 | F5: ='All Trades'!S8 -> DAMAGE SKIP | G5: ='All Trades'!T8 -> 0 | H5: ='All Trades'!W8 -> -0.258318 | I5: ='All Trades'!J8 -> 0.0044332821 | J5: ='All Trades'!K8 -> 0 | K5: ='All Trades'!L8 -> 0.0056134009 | L5: ='All Trades'!AE8 -> Skipped because the previous two rule outcomes totalled at or below the damage threshold.
A6: ='All Trades'!A31 -> 27 | B6: ='All Trades'!B31 -> 43388 | C6: ='All Trades'!C31 -> 43391 | D6: ='All Trades'!D31 -> TSL2 | E6: ='All Trades'!G31 -> -0.004 | F6: ='All Trades'!S31 -> DAMAGE SKIP | G6: ='All Trades'!T31 -> 0 | H6: ='All Trades'!W31 -> 0.0452 | I6: ='All Trades'!J31 -> -0.0031595267 | J6: ='All Trades'!K31 -> -0.050911119 | K6: ='All Trades'!L31 -> -0.0017209124 | L6: ='All Trades'!AE31 -> Skipped because the previous two rule outcomes totalled at or below the damage threshold.
A7: ='All Trades'!A32 -> 28 | B7: ='All Trades'!B32 -> 43395 | C7: ='All Trades'!C32 -> 43397 | D7: ='All Trades'!D32 -> BEPRE | E7: ='All Trades'!G32 -> -0.00319 | F7: ='All Trades'!S32 -> DAMAGE SKIP | G7: ='All Trades'!T32 -> 0 | H7: ='All Trades'!W32 -> 0.036047 | I7: ='All Trades'!J32 -> 0.0067772772 | J7: ='All Trades'!K32 -> -0.056606462 | K7: ='All Trades'!L32 -> -0.012862105 | L7: ='All Trades'!AE32 -> Skipped because the previous two rule outcomes totalled at or below the damage threshold.
A8: ='All Trades'!A33 -> 29 | B8: ='All Trades'!B33 -> 43402 | C8: ='All Trades'!C33 -> 43402 | D8: ='All Trades'!D33 -> SL | E8: ='All Trades'!G33 -> -0.05044 | F8: ='All Trades'!S33 -> GAP/MOM SKIP | G8: ='All Trades'!T33 -> 0 | H8: ='All Trades'!W33 -> 0.569972 | I8: ='All Trades'!J33 -> 0.011307423 | J8: ='All Trades'!K33 -> -0.10300521 | K8: ='All Trades'!L33 -> -0.022991822 | L8: ='All Trades'!AE33 -> Monday entry skipped; Tuesday did not normalize within the Friday-based tolerance.
A9: ='All Trades'!A36 -> 32 | B9: ='All Trades'!B36 -> 43423 | C9: ='All Trades'!C36 -> 43424 | D9: ='All Trades'!D36 -> SLPRE | E9: ='All Trades'!G36 -> -0.05116 | F9: ='All Trades'!S36 -> DAMAGE SKIP | G9: ='All Trades'!T36 -> 0 | H9: ='All Trades'!W36 -> 0.578108 | I9: ='All Trades'!J36 -> -0.0053007263 | J9: ='All Trades'!K36 -> -0.031801843 | K9: ='All Trades'!L36 -> -0.054448681 | L9: ='All Trades'!AE36 -> Skipped because the previous two rule outcomes totalled at or below the damage threshold.
A10: ='All Trades'!A37 -> 33 | B10: ='All Trades'!B37 -> 43430 | C10: ='All Trades'!C37 -> 43430 | D10: ='All Trades'!D37 -> CH | E10: ='All Trades'!G37 -> 0.0105 | F10: ='All Trades'!S37 -> DAMAGE SKIP | G10: ='All Trades'!T37 -> 0 | H10: ='All Trades'!W37 -> -0.11865 | I10: ='All Trades'!J37 -> 0.014134449 | J10: ='All Trades'!K37 -> -0.069123748 | K10: ='All Trades'!L37 -> 0.017387594 | L10: ='All Trades'!AE37 -> Skipped because the previous two rule outcomes totalled at or below the damage threshold.
A11: ='All Trades'!A38 -> 34 | B11: ='All Trades'!B38 -> 43437 | C11: ='All Trades'!C38 -> 43440 | D11: ='All Trades'!D38 -> TSL1PRE | E11: ='All Trades'!G38 -> -0.03736 | F11: ='All Trades'!S38 -> GAP/MOM SKIP | G11: ='All Trades'!T38 -> 0 | H11: ='All Trades'!W38 -> 0.422168 | I11: ='All Trades'!J38 -> 0.021619616 | J11: ='All Trades'!K38 -> -0.015623386 | K11: ='All Trades'!L38 -> 0.01187883 | L11: ='All Trades'!AE38 -> Monday entry skipped; Tuesday did not normalize within the Friday-based tolerance.
A12: ='All Trades'!A42 -> 38 | B12: ='All Trades'!B42 -> 43465 | C12: ='All Trades'!C42 -> 43468 | D12: ='All Trades'!D42 -> TSL1PRE | E12: ='All Trades'!G42 -> -0.01875 | F12: ='All Trades'!S42 -> GAP/MOM SKIP | G12: ='All Trades'!T42 -> 0 | H12: ='All Trades'!W42 -> 0.211875 | I12: ='All Trades'!J42 -> 0.011000262 | J12: ='All Trades'!K42 -> -0.09060384 | K12: ='All Trades'!L42 -> 0 | L12: ='All Trades'!AE42 -> Monday entry skipped; Tuesday did not normalize within the Friday-based tolerance.
A13: ='All Trades'!A75 -> 71 | B13: ='All Trades'!B75 -> 43696 | C13: ='All Trades'!C75 -> 43698 | D13: ='All Trades'!D75 -> BEPRE | E13: ='All Trades'!G75 -> -0.00398 | F13: ='All Trades'!S75 -> GAP/MOM SKIP | G13: ='All Trades'!T75 -> 0 | H13: ='All Trades'!W75 -> 0.044974 | I13: ='All Trades'!J75 -> 0.014601983 | J13: ='All Trades'!K75 -> -0.028874372 | K13: ='All Trades'!L75 -> 0.01355972 | L13: ='All Trades'!AE75 -> Monday entry skipped; Tuesday did not normalize within the Friday-based tolerance.
A14: ='All Trades'!A103 -> 99 | B14: ='All Trades'!B103 -> 43892 | C14: ='All Trades'!C103 -> 43892 | D14: ='All Trades'!D103 -> CH | E14: ='All Trades'!G103 -> 0.03639 | F14: ='All Trades'!S103 -> GAP/MOM SKIP | G14: ='All Trades'!T103 -> 0 | H14: ='All Trades'!W103 -> -0.411207 | I14: ='All Trades'!J103 -> 0.010849822 | J14: ='All Trades'!K103 -> -0.075440593 | K14: ='All Trades'!L103 -> 0.05490984 | L14: ='All Trades'!AE103 -> Monday entry skipped; Tuesday did not normalize within the Friday-based tolerance.
A15: ='All Trades'!A105 -> 101 | B15: ='All Trades'!B105 -> 43920 | C15: ='All Trades'!C105 -> 43920 | D15: ='All Trades'!D105 -> CH | E15: ='All Trades'!G105 -> 0.02549 | F15: ='All Trades'!S105 -> GAP/MOM SKIP | G15: ='All Trades'!T105 -> 0 | H15: ='All Trades'!W105 -> -0.288037 | I15: ='All Trades'!J105 -> 0.010775221 | J15: ='All Trades'!K105 -> -0.20616316 | K15: ='All Trades'!L105 -> 0.033559475 | L15: ='All Trades'!AE105 -> Monday entry skipped; Tuesday did not normalize within the Friday-based tolerance.
A16: ='All Trades'!A106 -> 102 | B16: ='All Trades'!B106 -> 43927 | C16: ='All Trades'!C106 -> 43927 | D16: ='All Trades'!D106 -> CH | E16: ='All Trades'!G106 -> 0.0279 | F16: ='All Trades'!S106 -> GAP/MOM SKIP | G16: ='All Trades'!T106 -> 0 | H16: ='All Trades'!W106 -> -0.31527 | I16: ='All Trades'!J106 -> 0.037634673 | J16: ='All Trades'!K106 -> -0.20187559 | K16: ='All Trades'!L106 -> 0.10245968 | L16: ='All Trades'!AE106 -> Monday entry skipped; Tuesday did not normalize within the Friday-based tolerance.
A17: ='All Trades'!A129 -> 125 | B17: ='All Trades'!B129 -> 44088 | C17: ='All Trades'!C129 -> 44091 | D17: ='All Trades'!D129 -> TSL1PRE | E17: ='All Trades'!G129 -> -0.00401 | F17: ='All Trades'!S129 -> GAP/MOM SKIP | G17: ='All Trades'!T129 -> 0 | H17: ='All Trades'!W129 -> 0.045313 | I17: ='All Trades'!J129 -> 0.013580343 | J17: ='All Trades'!K129 -> -0.0074514916 | K17: ='All Trades'!L129 -> 0.031274627 | L17: ='All Trades'!AE129 -> Monday entry skipped; Tuesday did not normalize within the Friday-based tolerance.
A18: ='All Trades'!A131 -> 127 | B18: ='All Trades'!B131 -> 44102 | C18: ='All Trades'!C131 -> 44106 | D18: ='All Trades'!D131 -> TSL4 | E18: ='All Trades'!G131 -> -0.004 | F18: ='All Trades'!S131 -> GAP/MOM SKIP | G18: ='All Trades'!T131 -> 0 | H18: ='All Trades'!W131 -> 0.0452 | I18: ='All Trades'!J131 -> 0.019048209 | J18: ='All Trades'!K131 -> -0.065617439 | K18: ='All Trades'!L131 -> 0.019039506 | L18: ='All Trades'!AE131 -> Monday entry skipped; Tuesday did not normalize within the Friday-based tolerance.
A19: ='All Trades'!A136 -> 132 | B19: ='All Trades'!B136 -> 44137 | C19: ='All Trades'!C136 -> 44139 | D19: ='All Trades'!D136 -> CH | E19: ='All Trades'!G136 -> 0.05593 | F19: ='All Trades'!S136 -> DAMAGE SKIP | G19: ='All Trades'!T136 -> 0 | H19: ='All Trades'!W136 -> -0.632009 | I19: ='All Trades'!J136 -> 0.0060338765 | J19: ='All Trades'!K136 -> -0.017926547 | K19: ='All Trades'!L136 -> 0.0091593265 | L19: ='All Trades'!AE136 -> Skipped because the previous two rule outcomes totalled at or below the damage threshold.
A20: ='All Trades'!A137 -> 133 | B20: ='All Trades'!B137 -> 44144 | C20: ='All Trades'!C137 -> 44147 | D20: ='All Trades'!D137 -> TSL1PRE | E20: ='All Trades'!G137 -> -0.02358 | F20: ='All Trades'!S137 -> DAMAGE SKIP | G20: ='All Trades'!T137 -> 0 | H20: ='All Trades'!W137 -> 0.266454 | I20: ='All Trades'!J137 -> 0.0091165496 | J20: ='All Trades'!K137 -> 0.031187702 | K20: ='All Trades'!L137 -> -0.031751959 | L20: ='All Trades'!AE137 -> Skipped because the previous two rule outcomes totalled at or below the damage threshold.
A21: ='All Trades'!A147 -> 143 | B21: ='All Trades'!B147 -> 44215 | C21: ='All Trades'!C147 -> 44216 | D21: ='All Trades'!D147 -> PREOH | E21: ='All Trades'!G147 -> 0.01041 | F21: ='All Trades'!S147 -> DAMAGE SKIP | G21: ='All Trades'!T147 -> 0 | H21: ='All Trades'!W147 -> -0.117633 | I21: ='All Trades'!J147 -> 0.0084913432 | J21: ='All Trades'!K147 -> 0.011156845 | K21: ='All Trades'!L147 -> 0 | L21: ='All Trades'!AE147 -> Skipped because the previous two rule outcomes totalled at or below the damage threshold.
A22: ='All Trades'!A149 -> 145 | B22: ='All Trades'!B149 -> 44228 | C22: ='All Trades'!C149 -> 44228 | D22: ='All Trades'!D149 -> CH | E22: ='All Trades'!G149 -> 0.0132 | F22: ='All Trades'!S149 -> DAMAGE SKIP | G22: ='All Trades'!T149 -> 0 | H22: ='All Trades'!W149 -> -0.14916 | I22: ='All Trades'!J149 -> 0.010049895 | J22: ='All Trades'!K149 -> 0.0050791215 | K22: ='All Trades'!L149 -> 0.034672765 | L22: ='All Trades'!AE149 -> Skipped because the previous two rule outcomes totalled at or below the damage threshold.
A23: ='All Trades'!A150 -> 146 | B23: ='All Trades'!B150 -> 44235 | C23: ='All Trades'!C150 -> 44239 | D23: ='All Trades'!D150 -> TO | E23: ='All Trades'!G150 -> 0.01051 | F23: ='All Trades'!S150 -> DAMAGE SKIP | G23: ='All Trades'!T150 -> 0 | H23: ='All Trades'!W150 -> -0.118763 | I23: ='All Trades'!J150 -> 0.0050650931 | J23: ='All Trades'!K150 -> 0.052004665 | K23: ='All Trades'!L150 -> 0.0038278579 | L23: ='All Trades'!AE150 -> Skipped because the previous two rule outcomes totalled at or below the damage threshold.
A24: ='All Trades'!A153 -> 149 | B24: ='All Trades'!B153 -> 44256 | C24: ='All Trades'!C153 -> 44256 | D24: ='All Trades'!D153 -> CH | E24: ='All Trades'!G153 -> 0.01315 | F24: ='All Trades'!S153 -> GAP/MOM SKIP | G24: ='All Trades'!T153 -> 0 | H24: ='All Trades'!W153 -> -0.148595 | I24: ='All Trades'!J153 -> 0.015032911 | J24: ='All Trades'!K153 -> -0.02234983 | K24: ='All Trades'!L153 -> 0.032216756 | L24: ='All Trades'!AE153 -> Monday entry skipped; Tuesday did not normalize within the Friday-based tolerance.
A25: ='All Trades'!A163 -> 159 | B25: ='All Trades'!B163 -> 44326 | C25: ='All Trades'!C163 -> 44328 | D25: ='All Trades'!D163 -> SL | E25: ='All Trades'!G163 -> -0.0504 | F25: ='All Trades'!S163 -> DAMAGE SKIP | G25: ='All Trades'!T163 -> 0 | H25: ='All Trades'!W163 -> 0.56952 | I25: ='All Trades'!J163 -> -0.0044949541 | J25: ='All Trades'!K163 -> -0.0086378051 | K25: ='All Trades'!L163 -> -0.043387454 | L25: ='All Trades'!AE163 -> Skipped because the previous two rule outcomes totalled at or below the damage threshold.
A26: ='All Trades'!A164 -> 160 | B26: ='All Trades'!B164 -> 44333 | C26: ='All Trades'!C164 -> 44336 | D26: ='All Trades'!D164 -> TSL1PRE | E26: ='All Trades'!G164 -> -0.00703 | F26: ='All Trades'!S164 -> DAMAGE SKIP | G26: ='All Trades'!T164 -> 0 | H26: ='All Trades'!W164 -> 0.079439 | I26: ='All Trades'!J164 -> -0.0061272319 | J26: ='All Trades'!K164 -> -0.045686253 | K26: ='All Trades'!L164 -> -0.0030774642 | L26: ='All Trades'!AE164 -> Skipped because the previous two rule outcomes totalled at or below the damage threshold.
A27: ='All Trades'!A185 -> 181 | B27: ='All Trades'!B185 -> 44480 | C27: ='All Trades'!C185 -> 44482 | D27: ='All Trades'!D185 -> BEPRE | E27: ='All Trades'!G185 -> -0.00392 | F27: ='All Trades'!S185 -> DAMAGE SKIP | G27: ='All Trades'!T185 -> 0 | H27: ='All Trades'!W185 -> 0.044296 | I27: ='All Trades'!J185 -> -0.0041213994 | J27: ='All Trades'!K185 -> -0.039923556 | K27: ='All Trades'!L185 -> -0.0035563912 | L27: ='All Trades'!AE185 -> Skipped because the previous two rule outcomes totalled at or below the damage threshold.
A28: ='All Trades'!A219 -> 215 | B28: ='All Trades'!B219 -> 44718 | C28: ='All Trades'!C219 -> 44721 | D28: ='All Trades'!D219 -> TSL1PRE | E28: ='All Trades'!G219 -> -0.00978 | F28: ='All Trades'!S219 -> GAP/MOM SKIP | G28: ='All Trades'!T219 -> 0 | H28: ='All Trades'!W219 -> 0.110514 | I28: ='All Trades'!J219 -> 0.015377136 | J28: ='All Trades'!K219 -> -0.021728007 | K28: ='All Trades'!L219 -> -0.0078088563 | L28: ='All Trades'!AE219 -> Monday entry skipped; Tuesday did not normalize within the Friday-based tolerance.
A29: ='All Trades'!A221 -> 217 | B29: ='All Trades'!B221 -> 44733 | C29: ='All Trades'!C221 -> 44733 | D29: ='All Trades'!D221 -> CH | E29: ='All Trades'!G221 -> 0.00855 | F29: ='All Trades'!S221 -> GAP/MOM SKIP | G29: ='All Trades'!T221 -> 0 | H29: ='All Trades'!W221 -> -0.096615 | I29: ='All Trades'!J221 -> 0.015812647 | J29: ='All Trades'!K221 -> -0.051426659 | K29: ='All Trades'!L221 -> 0 | L29: ='All Trades'!AE221 -> Monday entry skipped; Tuesday did not normalize within the Friday-based tolerance.
A30: ='All Trades'!A223 -> 219 | B30: ='All Trades'!B223 -> 44747 | C30: ='All Trades'!C223 -> 44747 | D30: ='All Trades'!D223 -> CH | E30: ='All Trades'!G223 -> 0.03024 | F30: ='All Trades'!S223 -> DAMAGE SKIP | G30: ='All Trades'!T223 -> 0 | H30: ='All Trades'!W223 -> -0.341712 | I30: ='All Trades'!J223 -> -0.014133539 | J30: ='All Trades'!K223 -> -0.10085953 | K30: ='All Trades'!L223 -> 0 | L30: ='All Trades'!AE223 -> Skipped because the previous two rule outcomes totalled at or below the damage threshold.
A31: ='All Trades'!A224 -> 220 | B31: ='All Trades'!B224 -> 44753 | C31: ='All Trades'!C224 -> 44756 | D31: ='All Trades'!D224 -> TSL1PRE | E31: ='All Trades'!G224 -> -0.02696 | F31: ='All Trades'!S224 -> DAMAGE SKIP | G31: ='All Trades'!T224 -> 0 | H31: ='All Trades'!W224 -> 0.304648 | I31: ='All Trades'!J224 -> -0.0090751874 | J31: ='All Trades'!K224 -> -0.038105596 | K31: ='All Trades'!L224 -> -0.017029139 | L31: ='All Trades'!AE224 -> Skipped because the previous two rule outcomes totalled at or below the damage threshold.
A32: ='All Trades'!A238 -> 234 | B32: ='All Trades'!B238 -> 44851 | C32: ='All Trades'!C238 -> 44851 | D32: ='All Trades'!D238 -> CH | E32: ='All Trades'!G238 -> 0.0101 | F32: ='All Trades'!S238 -> GAP/MOM SKIP | G32: ='All Trades'!T238 -> 0 | H32: ='All Trades'!W238 -> -0.11413 | I32: ='All Trades'!J238 -> 0.023338995 | J32: ='All Trades'!K238 -> -0.097160493 | K32: ='All Trades'!L238 -> 0.06055917 | L32: ='All Trades'!AE238 -> Monday entry skipped; Tuesday did not normalize within the Friday-based tolerance.
A33: ='All Trades'!A239 -> 235 | B33: ='All Trades'!B239 -> 44858 | C33: ='All Trades'!C239 -> 44858 | D33: ='All Trades'!D239 -> CH | E33: ='All Trades'!G239 -> 0.01082 | F33: ='All Trades'!S239 -> DAMAGE SKIP | G33: ='All Trades'!T239 -> 0 | H33: ='All Trades'!W239 -> -0.122266 | I33: ='All Trades'!J239 -> -0.00068625639 | J33: ='All Trades'!K239 -> -0.00032092545 | K33: ='All Trades'!L239 -> 0.014486871 | L33: ='All Trades'!AE239 -> Skipped because the previous two rule outcomes totalled at or below the damage threshold.
A34: ='All Trades'!A246 -> 242 | B34: ='All Trades'!B246 -> 44907 | C34: ='All Trades'!C246 -> 44907 | D34: ='All Trades'!D246 -> CH | E34: ='All Trades'!G246 -> 0.01024 | F34: ='All Trades'!S246 -> DAMAGE SKIP | G34: ='All Trades'!T246 -> 0 | H34: ='All Trades'!W246 -> -0.115712 | I34: ='All Trades'!J246 -> 0.00067383527 | J34: ='All Trades'!K246 -> -0.0025124364 | K34: ='All Trades'!L246 -> 0.051798629 | L34: ='All Trades'!AE246 -> Skipped because the previous two rule outcomes totalled at or below the damage threshold.
A35: ='All Trades'!A247 -> 243 | B35: ='All Trades'!B247 -> 44914 | C35: ='All Trades'!C247 -> 44916 | D35: ='All Trades'!D247 -> BH | E35: ='All Trades'!G247 -> -0.004 | F35: ='All Trades'!S247 -> DAMAGE SKIP | G35: ='All Trades'!T247 -> 0 | H35: ='All Trades'!W247 -> 0.0452 | I35: ='All Trades'!J247 -> 0.0012063715 | J35: ='All Trades'!K247 -> -0.037074967 | K35: ='All Trades'!L247 -> -0.018406318 | L35: ='All Trades'!AE247 -> Skipped because the previous two rule outcomes totalled at or below the damage threshold.
A36: ='All Trades'!A249 -> 245 | B36: ='All Trades'!B249 -> 44929 | C36: ='All Trades'!C249 -> 44931 | D36: ='All Trades'!D249 -> TSL1PRE | E36: ='All Trades'!G249 -> -0.0115 | F36: ='All Trades'!S249 -> DAMAGE SKIP | G36: ='All Trades'!T249 -> 0 | H36: ='All Trades'!W249 -> 0.12995 | I36: ='All Trades'!J249 -> 0.0093990611 | J36: ='All Trades'!K249 -> -0.091249753 | K36: ='All Trades'!L249 -> 0 | L36: ='All Trades'!AE249 -> Skipped because the previous two rule outcomes totalled at or below the damage threshold.
A37: ='All Trades'!A250 -> 246 | B37: ='All Trades'!B250 -> 44935 | C37: ='All Trades'!C250 -> 44939 | D37: ='All Trades'!D250 -> TO | E37: ='All Trades'!G250 -> 0.03718 | F37: ='All Trades'!S250 -> DAMAGE SKIP | G37: ='All Trades'!T250 -> 0 | H37: ='All Trades'!W250 -> -0.420134 | I37: ='All Trades'!J250 -> 0.0075645327 | J37: ='All Trades'!K250 -> -0.039520923 | K37: ='All Trades'!L250 -> 0.0025686288 | L37: ='All Trades'!AE250 -> Skipped because the previous two rule outcomes totalled at or below the damage threshold.
A38: ='All Trades'!A257 -> 253 | B38: ='All Trades'!B257 -> 44984 | C38: ='All Trades'!C257 -> 44986 | D38: ='All Trades'!D257 -> BEPRE | E38: ='All Trades'!G257 -> -0.00393 | F38: ='All Trades'!S257 -> TUESDAY RE-ENTRY | G38: ='All Trades'!T257 -> 0.00242 | H38: ='All Trades'!W257 -> 0.071755 | I38: ='All Trades'!J257 -> 0.011334141 | J38: ='All Trades'!K257 -> -0.0050772825 | K38: ='All Trades'!L257 -> 0.004964236 | L38: ='All Trades'!AE257 -> Monday entry deferred; Tuesday normalized from Friday and uses the repriced overlay return.
A39: ='All Trades'!A272 -> 268 | B39: ='All Trades'!B272 -> 45089 | C39: ='All Trades'!C272 -> 45089 | D39: ='All Trades'!D272 -> CH | E39: ='All Trades'!G272 -> 0.01287 | F39: ='All Trades'!S272 -> DAMAGE SKIP | G39: ='All Trades'!T272 -> 0 | H39: ='All Trades'!W272 -> -0.145431 | I39: ='All Trades'!J272 -> 0.0040206824 | J39: ='All Trades'!K272 -> 0.086752918 | K39: ='All Trades'!L272 -> 0.02479497 | L39: ='All Trades'!AE272 -> Skipped because the previous two rule outcomes totalled at or below the damage threshold.
A40: ='All Trades'!A281 -> 277 | B40: ='All Trades'!B281 -> 45152 | C40: ='All Trades'!C281 -> 45152 | D40: ='All Trades'!D281 -> CH | E40: ='All Trades'!G281 -> 0.01353 | F40: ='All Trades'!S281 -> DAMAGE SKIP | G40: ='All Trades'!T281 -> 0 | H40: ='All Trades'!W281 -> -0.152889 | I40: ='All Trades'!J281 -> -0.0026705503 | J40: ='All Trades'!K281 -> -0.033849896 | K40: ='All Trades'!L281 -> 0.0085208923 | L40: ='All Trades'!AE281 -> Skipped because the previous two rule outcomes totalled at or below the damage threshold.
A41: ='All Trades'!A311 -> 307 | B41: ='All Trades'!B311 -> 45362 | C41: ='All Trades'!C311 -> 45366 | D41: ='All Trades'!D311 -> TSL4 | E41: ='All Trades'!G311 -> -0.004 | F41: ='All Trades'!S311 -> DAMAGE SKIP | G41: ='All Trades'!T311 -> 0 | H41: ='All Trades'!W311 -> 0.0452 | I41: ='All Trades'!J311 -> -0.0049037904 | J41: ='All Trades'!K311 -> 0.014392626 | K41: ='All Trades'!L311 -> 0.0016155015 | L41: ='All Trades'!AE311 -> Skipped because the previous two rule outcomes totalled at or below the damage threshold.
A42: ='All Trades'!A317 -> 313 | B42: ='All Trades'!B317 -> 45404 | C42: ='All Trades'!C317 -> 45408 | D42: ='All Trades'!D317 -> TO | E42: ='All Trades'!G317 -> 0.03334 | F42: ='All Trades'!S317 -> DAMAGE SKIP | G42: ='All Trades'!T317 -> 0 | H42: ='All Trades'!W317 -> -0.376742 | I42: ='All Trades'!J317 -> 0.0066663061 | J42: ='All Trades'!K317 -> -0.070019541 | K42: ='All Trades'!L317 -> 0.014762261 | L42: ='All Trades'!AE317 -> Skipped because the previous two rule outcomes totalled at or below the damage threshold.
A43: ='All Trades'!A318 -> 314 | B43: ='All Trades'!B318 -> 45411 | C43: ='All Trades'!C318 -> 45414 | D43: ='All Trades'!D318 -> TSL1PRE | E43: ='All Trades'!G318 -> -0.02245 | F43: ='All Trades'!S318 -> DAMAGE SKIP | G43: ='All Trades'!T318 -> 0 | H43: ='All Trades'!W318 -> 0.253685 | I43: ='All Trades'!J318 -> 0.0043882906 | J43: ='All Trades'!K318 -> -0.029305664 | K43: ='All Trades'!L318 -> 0.00035015559 | L43: ='All Trades'!AE318 -> Skipped because the previous two rule outcomes totalled at or below the damage threshold.
A44: ='All Trades'!A330 -> 326 | B44: ='All Trades'!B330 -> 45495 | C44: ='All Trades'!C330 -> 45498 | D44: ='All Trades'!D330 -> TSL1PRE | E44: ='All Trades'!G330 -> -0.03438 | F44: ='All Trades'!S330 -> DAMAGE SKIP | G44: ='All Trades'!T330 -> 0 | H44: ='All Trades'!W330 -> 0.388494 | I44: ='All Trades'!J330 -> 0.01183351 | J44: ='All Trades'!K330 -> -0.011374013 | K44: ='All Trades'!L330 -> 0.01298446 | L44: ='All Trades'!AE330 -> Skipped because the previous two rule outcomes totalled at or below the damage threshold.
A45: ='All Trades'!A331 -> 327 | B45: ='All Trades'!B331 -> 45502 | C45: ='All Trades'!C331 -> 45504 | D45: ='All Trades'!D331 -> BEPRE | E45: ='All Trades'!G331 -> -0.00377 | F45: ='All Trades'!S331 -> DAMAGE SKIP | G45: ='All Trades'!T331 -> 0 | H45: ='All Trades'!W331 -> 0.042601 | I45: ='All Trades'!J331 -> 0.0058697565 | J45: ='All Trades'!K331 -> -0.038703084 | K45: ='All Trades'!L331 -> 0.0062205867 | L45: ='All Trades'!AE331 -> Skipped because the previous two rule outcomes totalled at or below the damage threshold.
A46: ='All Trades'!A337 -> 333 | B46: ='All Trades'!B337 -> 45544 | C46: ='All Trades'!C337 -> 45548 | D46: ='All Trades'!D337 -> TO | E46: ='All Trades'!G337 -> 0.04856 | F46: ='All Trades'!S337 -> DAMAGE SKIP | G46: ='All Trades'!T337 -> 0 | H46: ='All Trades'!W337 -> -0.548728 | I46: ='All Trades'!J337 -> 0.010943271 | J46: ='All Trades'!K337 -> 0.0013832344 | K46: ='All Trades'!L337 -> 0.016828866 | L46: ='All Trades'!AE337 -> Skipped because the previous two rule outcomes totalled at or below the damage threshold.
A47: ='All Trades'!A338 -> 334 | B47: ='All Trades'!B338 -> 45551 | C47: ='All Trades'!C338 -> 45555 | D47: ='All Trades'!D338 -> TO | E47: ='All Trades'!G338 -> 0.01968 | F47: ='All Trades'!S338 -> DAMAGE SKIP | G47: ='All Trades'!T338 -> 0 | H47: ='All Trades'!W338 -> -0.222384 | I47: ='All Trades'!J338 -> -0.004342376 | J47: ='All Trades'!K338 -> 0.0019394945 | K47: ='All Trades'!L338 -> 0.0019991378 | L47: ='All Trades'!AE338 -> Skipped because the previous two rule outcomes totalled at or below the damage threshold.
A48: ='All Trades'!A354 -> 350 | B48: ='All Trades'!B354 -> 45663 | C48: ='All Trades'!C354 -> 45667 | D48: ='All Trades'!D354 -> TSL3 | E48: ='All Trades'!G354 -> -0.02405 | F48: ='All Trades'!S354 -> GAP/MOM SKIP | G48: ='All Trades'!T354 -> 0 | H48: ='All Trades'!W354 -> 0.271765 | I48: ='All Trades'!J354 -> 0.010732116 | J48: ='All Trades'!K354 -> -0.0073460624 | K48: ='All Trades'!L354 -> 0.013518524 | L48: ='All Trades'!AE354 -> Monday entry skipped; Tuesday did not normalize within the Friday-based tolerance.
A49: ='All Trades'!A362 -> 358 | B49: ='All Trades'!B362 -> 45719 | C49: ='All Trades'!C362 -> 45722 | D49: ='All Trades'!D362 -> TSL1PRE | E49: ='All Trades'!G362 -> -0.02071 | F49: ='All Trades'!S362 -> DAMAGE SKIP | G49: ='All Trades'!T362 -> 0 | H49: ='All Trades'!W362 -> 0.234023 | I49: ='All Trades'!J362 -> 0.0066689794 | J49: ='All Trades'!K362 -> -0.028446917 | K49: ='All Trades'!L362 -> -0.027531759 | L49: ='All Trades'!AE362 -> Skipped because the previous two rule outcomes totalled at or below the damage threshold.
A50: ='All Trades'!A363 -> 359 | B50: ='All Trades'!B363 -> 45726 | C50: ='All Trades'!C363 -> 45729 | D50: ='All Trades'!D363 -> TSL1PRE | E50: ='All Trades'!G363 -> -0.01453 | F50: ='All Trades'!S363 -> DAMAGE SKIP | G50: ='All Trades'!T363 -> 0 | H50: ='All Trades'!W363 -> 0.164189 | I50: ='All Trades'!J363 -> -0.016159092 | J50: ='All Trades'!K363 -> -0.071393993 | K50: ='All Trades'!L363 -> -0.039528935 | L50: ='All Trades'!AE363 -> Skipped because the previous two rule outcomes totalled at or below the damage threshold.
A51: ='All Trades'!A365 -> 361 | B51: ='All Trades'!B365 -> 45740 | C51: ='All Trades'!C365 -> 45743 | D51: ='All Trades'!D365 -> TSL1PRE | E51: ='All Trades'!G365 -> -0.01148 | F51: ='All Trades'!S365 -> GAP/MOM SKIP | G51: ='All Trades'!T365 -> 0 | H51: ='All Trades'!W365 -> 0.129724 | I51: ='All Trades'!J365 -> 0.015708869 | J51: ='All Trades'!K365 -> -0.085995161 | K51: ='All Trades'!L365 -> 0.023464772 | L51: ='All Trades'!AE365 -> Monday entry skipped; Tuesday did not normalize within the Friday-based tolerance.
A52: ='All Trades'!A368 -> 364 | B52: ='All Trades'!B368 -> 45761 | C52: ='All Trades'!C368 -> 45764 | D52: ='All Trades'!D368 -> TSL1PRE | E52: ='All Trades'!G368 -> -0.04156 | F52: ='All Trades'!S368 -> GAP/MOM SKIP | G52: ='All Trades'!T368 -> 0 | H52: ='All Trades'!W368 -> 0.469628 | I52: ='All Trades'!J368 -> 0.02172404 | J52: ='All Trades'!K368 -> -0.051250037 | K52: ='All Trades'!L368 -> 0.0091109155 | L52: ='All Trades'!AE368 -> Monday entry skipped; Tuesday did not normalize within the Friday-based tolerance.
A53: ='All Trades'!A404 -> 400 | B53: ='All Trades'!B404 -> 46013 | C53: ='All Trades'!C404 -> 46017 | D53: ='All Trades'!D404 -> TO | E53: ='All Trades'!G404 -> 0.0043 | F53: ='All Trades'!S404 -> DAMAGE SKIP | G53: ='All Trades'!T404 -> 0 | H53: ='All Trades'!W404 -> -0.04859 | I53: ='All Trades'!J404 -> 0.0081237932 | J53: ='All Trades'!K404 -> 0.028639539 | K53: ='All Trades'!L404 -> 0.0018637063 | L53: ='All Trades'!AE404 -> Skipped because the previous two rule outcomes totalled at or below the damage threshold.
A54: ='All Trades'!A405 -> 401 | B54: ='All Trades'!B405 -> 46020 | C54: ='All Trades'!C405 -> 46024 | D54: ='All Trades'!D405 -> BEPRE | E54: ='All Trades'!G405 -> -0.00397 | F54: ='All Trades'!S405 -> DAMAGE SKIP | G54: ='All Trades'!T405 -> 0 | H54: ='All Trades'!W405 -> 0.044861 | I54: ='All Trades'!J405 -> -0.0062968581 | J54: ='All Trades'!K405 -> 0.024634992 | K54: ='All Trades'!L405 -> -0.006491529 | L54: ='All Trades'!AE405 -> Skipped because the previous two rule outcomes totalled at or below the damage threshold.
A55: ='All Trades'!A416 -> 412 | B55: ='All Trades'!B416 -> 46097 | C55: ='All Trades'!C416 -> 46100 | D55: ='All Trades'!D416 -> TSL1PRE | E55: ='All Trades'!G416 -> -0.00965 | F55: ='All Trades'!S416 -> GAP/MOM SKIP | G55: ='All Trades'!T416 -> 0 | H55: ='All Trades'!W416 -> 0.109045 | I55: ='All Trades'!J416 -> 0.011162155 | J55: ='All Trades'!K416 -> -0.011521044 | K55: ='All Trades'!L416 -> 0.015866065 | L55: ='All Trades'!AE416 -> Monday entry skipped; Tuesday did not normalize within the Friday-based tolerance.
A56: ='All Trades'!A417 -> 413 | B56: ='All Trades'!B417 -> 46104 | C56: ='All Trades'!C417 -> 46106 | D56: ='All Trades'!D417 -> BEPRE | E56: ='All Trades'!G417 -> -0.00204 | F56: ='All Trades'!S417 -> TUESDAY RE-ENTRY | G56: ='All Trades'!T417 -> 0.00779 | H56: ='All Trades'!W417 -> 0.111079 | I56: ='All Trades'!J417 -> 0.015012684 | J56: ='All Trades'!K417 -> -0.043938174 | K56: ='All Trades'!L417 -> 0.0047245988 | L56: ='All Trades'!AE417 -> Monday entry deferred; Tuesday normalized from Friday and uses the repriced overlay return.
A57: ='All Trades'!A429 -> 425 | B57: ='All Trades'!B429 -> 46188 | C57: ='All Trades'!C429 -> 46188 | D57: ='All Trades'!D429 -> CH | E57: ='All Trades'!G429 -> 0.00834 | F57: ='All Trades'!S429 -> DAMAGE SKIP | G57: ='All Trades'!T429 -> 0 | H57: ='All Trades'!W429 -> -0.094242 | I57: ='All Trades'!J429 -> 0.022809783 | J57: ='All Trades'!K429 -> 0.0021534059 | K57: ='All Trades'!L429 -> 0.028987717 | L57: ='All Trades'!AE429 -> Skipped because the previous two rule outcomes totalled at or below the damage threshold.
A58: ='All Trades'!A430 -> 426 | B58: ='All Trades'!B430 -> 46195 | C58: ='All Trades'!C430 -> 46198 | D58: ='All Trades'!D430 -> TSL1PRE | E58: ='All Trades'!G430 -> -0.02387 | F58: ='All Trades'!S430 -> DAMAGE SKIP | G58: ='All Trades'!T430 -> 0 | H58: ='All Trades'!W430 -> 0.269731 | I58: ='All Trades'!J430 -> 0.0045324024 | J58: ='All Trades'!K430 -> 0.038519246 | K58: ='All Trades'!L430 -> -0.033593476 | L58: ='All Trades'!AE430 -> Skipped because the previous two rule outcomes totalled at or below the damage threshold.
A59: ='All Trades'!A432 -> 428 | B59: ='All Trades'!B432 -> 46209 | C59: ='All Trades'!C432 -> 46212 | D59: ='All Trades'!D432 -> TSL1PRE | E59: ='All Trades'!G432 -> -0.01327 | F59: ='All Trades'!S432 -> TUESDAY RE-ENTRY | G59: ='All Trades'!T432 -> -0.00534 | H59: ='All Trades'!W432 -> 0.089609 | I59: ='All Trades'!J432 -> 0.010142707 | J59: ='All Trades'!K432 -> -0.04247457 | K59: ='All Trades'!L432 -> 0.0022031996 | L59: ='All Trades'!AE432 -> Monday entry deferred; Tuesday normalized from Friday and uses the repriced overlay return.
A60: ='All Trades'!A434 -> 430 | B60: ='All Trades'!B434 -> 46223 | C60: ='All Trades'!C434 -> 46226 | D60: ='All Trades'!D434 -> TSL1PRE | E60: ='All Trades'!G434 -> -0.00408 | F60: ='All Trades'!S434 -> GAP/MOM SKIP | G60: ='All Trades'!T434 -> 0 | H60: ='All Trades'!W434 -> 0.046104 | I60: ='All Trades'!J434 -> 0.010607604 | J60: ='All Trades'!K434 -> -0.037618856 | K60: ='All Trades'!L434 -> 0.016164986 | L60: ='All Trades'!AE434 -> Monday entry skipped; Tuesday did not normalize within the Friday-based tolerance.
A61: ='All Trades'!A435 -> 431 | B61: ='All Trades'!B435 -> 46230 | C61: ='All Trades'!C435 -> 46233 | D61: ='All Trades'!D435 -> TSL1PRE | E61: ='All Trades'!G435 -> -0.04702 | F61: ='All Trades'!S435 -> GAP/MOM SKIP | G61: ='All Trades'!T435 -> 0 | H61: ='All Trades'!W435 -> 0.531326 | I61: ='All Trades'!J435 -> 0.010992143 | J61: ='All Trades'!K435 -> -0.044878416 | K61: ='All Trades'!L435 -> -0.011691975 | L61: ='All Trades'!AE435 -> Monday entry skipped; Tuesday did not normalize within the Friday-based tolerance.

Sheet Checks
A1: Workbook checks | B1: Workbook checks | C1: Workbook checks | D1: Workbook checks | E1: Workbook checks | F1: Workbook checks | G1: Workbook checks
A2: Workbook checks | B2: Workbook checks | C2: Workbook checks | D2: Workbook checks | E2: Workbook checks | F2: Workbook checks | G2: Workbook checks
A3: All checks should report OK before delivery. | B3: All checks should report OK before delivery. | C3: All checks should report OK before delivery. | D3: All checks should report OK before delivery. | E3: All checks should report OK before delivery. | F3: All checks should report OK before delivery. | G3: All checks should report OK before delivery.
A4: Check | B4: Expected | C4: Actual | D4: Difference | E4: Tolerance | F4: Status | G4: Notes
A5: Trade count | B5: 432 | C5: =COUNT('All Trades'!$A$5:$A$436) -> 432 | D5: =C5-B5 -> 0 | E5: 0 | F5: =IF(ABS(D5)<=E5,"OK","CHECK") -> OK | G5: All captured closed baseline trades
A6: Baseline weekly geo | B6: 0.033235232 | C6: =Summary!A9 -> 0.033235232 | D6: =C6-B6 -> 0 | E6: 1e-10 | F6: =IF(ABS(D6)<=E6,"OK","CHECK") -> OK | G6: Reconciles to Python extraction
A7: Rule weekly geo | B7: 0.042811919 | C7: =Summary!D9 -> 0.042811919 | D7: =C7-B7 -> 0 | E7: 1e-10 | F7: =IF(ABS(D7)<=E7,"OK","CHECK") -> OK | G7: Reconciles to independent two-week state calculation
A8: Damage skips | B8: 35 | C8: =COUNTIF('All Trades'!$S$5:$S$436,"DAMAGE SKIP") -> 35 | D8: =C8-B8 -> 0 | E8: 0 | F8: =IF(ABS(D8)<=E8,"OK","CHECK") -> OK | G8: Two-outcome priority branch
A9: Gap/momentum skips | B9: 19 | C9: =COUNTIF('All Trades'!$S$5:$S$436,"GAP/MOM SKIP") -> 19 | D9: =C9-B9 -> 0 | E9: 0 | F9: =IF(ABS(D9)<=E9,"OK","CHECK") -> OK | G9: Tuesday not normalized
A10: Tuesday re-entries | B10: 3 | C10: =COUNTIF('All Trades'!$S$5:$S$436,"TUESDAY RE-ENTRY") -> 3 | D10: =C10-B10 -> 0 | E10: 0 | F10: =IF(ABS(D10)<=E10,"OK","CHECK") -> OK | G10: Friday-normalized overlay
A11: 2026-07-27 rule return | B11: 0 | C11: ='All Trades'!T435 -> 0 | D11: =C11-B11 -> 0 | E11: 1e-12 | F11: =IF(ABS(D11)<=E11,"OK","CHECK") -> OK | G11: Recent -4.702% baseline trade is skipped

Sheet Methodology
A1: Methodology and audit trail | B1: Methodology and audit trail | C1: Methodology and audit trail | D1: Methodology and audit trail | E1: Methodology and audit trail | F1: Methodology and audit trail
A2: Methodology and audit trail | B2: Methodology and audit trail | C2: Methodology and audit trail | D2: Methodology and audit trail | E2: Methodology and audit trail | F2: Methodology and audit trail
A3: Definitions used to reproduce the comparison. | B3: Definitions used to reproduce the comparison. | C3: Definitions used to reproduce the comparison. | D3: Definitions used to reproduce the comparison. | E3: Definitions used to reproduce the comparison. | F3: Definitions used to reproduce the comparison.
A5: Topic | B5: Definition
A6: Baseline source | B6: D:\oppw\backtest\oppw24.py
A7: Quote source | B7: D:\oppw\backtest\quotes.pkl
A8: History | B8: 20180416 through 20260803; 432 closed trades
A9: Last two | B9: Sum of the previous two rule raw outcomes; skipped weeks enter the history as 0.0.
A10: Damage priority | B10: When the last-two condition is true, the week is skipped before evaluating gap or momentum.
A11: Cash-opening gap | B11: Monday adjusted cash open / previous session adjusted cash close - 1.
A12: Momentum 20d | B12: Previous Friday daily close / daily close 20 sessions earlier - 1.
A13: Friday normalization | B13: Tuesday daily cash open / previous Friday daily cash close - 1; absolute value must be within tolerance.
A14: Tuesday return | B14: Original baseline exit price / Tuesday adjusted cash open - 1, truncated to five decimal places.
A15: Overlay limitation | B15: Repriced overlay reuses the original baseline exit price; it does not rerun exit state.
A16: Interpretation | B16: No premarket-low gate is applied. Use the Tuesday result for research screening and confirm it with an exact strategy-engine state-machine backtest before implementation.
